`item_nr,stimulus_untrimmed,stimulus,flanker_type,lexicality,condition,target
1, lent ,lent,no,word,word/no,lent
2,ment drap ment,ment drap ment,unrelated,word,word/unrelated,drap
3,sabe cofi sabe,sabe cofi sabe,unrelated,nonword,nonword/unrelated,cofi
4,uise uise uise,uise uise uise,related,nonword,nonword/related,uise
5,dire dire dire,dire dire dire,related,word,word/related,dire
6,flin uter flin,flin uter flin,unrelated,nonword,nonword/unrelated,uter
7,deux deux deux,deux deux deux,related,word,word/related,deux
8, oeuf ,oeuf,no,word,word/no,oeuf
9,amer amer amer,amer amer amer,related,word,word/related,amer
10,momb rers momb,momb rers momb,unrelated,nonword,nonword/unrelated,rers
11,juss fabe juss,juss fabe juss,unrelated,nonword,nonword/unrelated,fabe
12,vice dodo vice,vice dodo vice,unrelated,word,word/unrelated,dodo
13,hime hime hime,hime hime hime,related,nonword,nonword/related,hime
14,jive jive jive,jive jive jive,related,nonword,nonword/related,jive
15,glur vece glur,glur vece glur,unrelated,nonword,nonword/unrelated,vece
16, rici ,rici,no,nonword,nonword/no,rici
17,cube cube cube,cube cube cube,related,word,word/related,cube
18,bame pluo bame,bame pluo bame,unrelated,nonword,nonword/unrelated,pluo
19,rame foin rame,rame foin rame,unrelated,word,word/unrelated,foin
20,rond juge rond,rond juge rond,unrelated,word,word/unrelated,juge
21,lube lube lube,lube lube lube,related,nonword,nonword/related,lube
22,flar flar flar,flar flar flar,related,nonword,nonword/related,flar
23,pote hall pote,pote hall pote,unrelated,word,word/unrelated,hall
24,posi posi posi,posi posi posi,related,nonword,nonword/related,posi
25,drac mexe drac,drac mexe drac,unrelated,nonword,nonword/unrelated,mexe
26,flan ivre flan,flan ivre flan,unrelated,word,word/unrelated,ivre
27, afmi ,afmi,no,nonword,nonword/no,afmi
28,aste imci aste,aste imci aste,unrelated,nonword,nonword/unrelated,imci
29, gois ,gois,no,nonword,nonword/no,gois
30,ucun iers ucun,ucun iers ucun,unrelated,nonword,nonword/unrelated,iers
31,cent cent cent,cent cent cent,related,word,word/related,cent
32,sexy lait sexy,sexy lait sexy,unrelated,word,word/unrelated,lait
33, pluc ,pluc,no,nonword,nonword/no,pluc
34,jage jage jage,jage jage jage,related,nonword,nonword/related,jage
35, groi ,groi,no,nonword,nonword/no,groi
36,sait jeux sait,sait jeux sait,unrelated,word,word/unrelated,jeux
37,baie baie baie,baie baie baie,related,word,word/related,baie
38, onde ,onde,no,word,word/no,onde
39,voix grue voix,voix grue voix,unrelated,word,word/unrelated,grue
40,zors zors zors,zors zors zors,related,nonword,nonword/related,zors
41,idem jury idem,idem jury idem,unrelated,word,word/unrelated,jury
42, mime ,mime,no,word,word/no,mime
43,bral bral bral,bral bral bral,related,nonword,nonword/related,bral
44,cave cave cave,cave cave cave,related,word,word/related,cave
45,carc carc carc,carc carc carc,related,nonword,nonword/related,carc
46,brir brir brir,brir brir brir,related,nonword,nonword/related,brir
47, uage ,uage,no,nonword,nonword/no,uage
48, pain ,pain,no,word,word/no,pain
49, tion ,tion,no,nonword,nonword/no,tion
50,flot gage flot,flot gage flot,unrelated,word,word/unrelated,gage
51,bobo bobo bobo,bobo bobo bobo,related,word,word/related,bobo
52,plat fier plat,plat fier plat,unrelated,word,word/unrelated,fier
53, lier ,lier,no,word,word/no,lier
54,alon bube alon,alon bube alon,unrelated,nonword,nonword/unrelated,bube
55, naze ,naze,no,word,word/no,naze
56,camp camp camp,camp camp camp,related,word,word/related,camp
57,azur joie azur,azur joie azur,unrelated,word,word/unrelated,joie
58,onue onue onue,onue onue onue,related,nonword,nonword/related,onue
59,nour sige nour,nour sige nour,unrelated,nonword,nonword/unrelated,sige
60, pile ,pile,no,word,word/no,pile
61,tort fixe tort,tort fixe tort,unrelated,word,word/unrelated,fixe
62, uque ,uque,no,nonword,nonword/no,uque
63,atal coui atal,atal coui atal,unrelated,nonword,nonword/unrelated,coui
64, nord ,nord,no,word,word/no,nord
65, ster ,ster,no,nonword,nonword/no,ster
66,chen orir chen,chen orir chen,unrelated,nonword,nonword/unrelated,orir
67,guve guve guve,guve guve guve,related,nonword,nonword/related,guve
68,choc choc choc,choc choc choc,related,word,word/related,choc
69,spen spen spen,spen spen spen,related,nonword,nonword/related,spen
70, nuit ,nuit,no,word,word/no,nuit
71, peut ,peut,no,word,word/no,peut
72, oile ,oile,no,nonword,nonword/no,oile
73,erle erle erle,erle erle erle,related,nonword,nonword/related,erle
74, muse ,muse,no,word,word/no,muse
75, insi ,insi,no,nonword,nonword/no,insi
76,muie muie muie,muie muie muie,related,nonword,nonword/related,muie
77,bloc idem bloc,bloc idem bloc,unrelated,word,word/unrelated,idem
78, ucun ,ucun,no,nonword,nonword/no,ucun
79,vore vore vore,vore vore vore,related,nonword,nonword/related,vore
80,stin stin stin,stin stin stin,related,nonword,nonword/related,stin
81,abat abat abat,abat abat abat,related,word,word/related,abat
82,acte jour acte,acte jour acte,unrelated,word,word/unrelated,jour
83,eaux fini eaux,eaux fini eaux,unrelated,word,word/unrelated,fini
84, pape ,pape,no,word,word/no,pape
85, dets ,dets,no,nonword,nonword/no,dets
86,gric gric gric,gric gric gric,related,nonword,nonword/related,gric
87,purc vige purc,purc vige purc,unrelated,nonword,nonword/unrelated,vige
88,insi coge insi,insi coge insi,unrelated,nonword,nonword/unrelated,coge
89,boxe boxe boxe,boxe boxe boxe,related,word,word/related,boxe
90, miel ,miel,no,word,word/no,miel
91, lion ,lion,no,word,word/no,lion
92,ifus mato ifus,ifus mato ifus,unrelated,nonword,nonword/unrelated,mato
93,glac yope glac,glac yope glac,unrelated,nonword,nonword/unrelated,yope
94,soit duel soit,soit duel soit,unrelated,word,word/unrelated,duel
95,tige faux tige,tige faux tige,unrelated,word,word/unrelated,faux
96,lion huer lion,lion huer lion,unrelated,word,word/unrelated,huer
97,lait joue lait,lait joue lait,unrelated,word,word/unrelated,joue
98, poil ,poil,no,word,word/no,poil
99,abir abir abir,abir abir abir,related,nonword,nonword/related,abir
100,fave fave fave,fave fave fave,related,nonword,nonword/related,fave
101,aime aime aime,aime aime aime,related,word,word/related,aime
102,brin brin brin,brin brin brin,related,word,word/related,brin
103, muet ,muet,no,word,word/no,muet
104, stue ,stue,no,nonword,nonword/no,stue
105, rans ,rans,no,nonword,nonword/no,rans
106,orve orve orve,orve orve orve,related,nonword,nonword/related,orve
107,gouf diel gouf,gouf diel gouf,unrelated,nonword,nonword/unrelated,diel
108, cres ,cres,no,nonword,nonword/no,cres
109,suit elle suit,suit elle suit,unrelated,word,word/unrelated,elle
110, perd ,perd,no,word,word/no,perd
111,puif puif puif,puif puif puif,related,nonword,nonword/related,puif
112,cuit cuit cuit,cuit cuit cuit,related,word,word/related,cuit
113, nuce ,nuce,no,nonword,nonword/no,nuce
114, uide ,uide,no,nonword,nonword/no,uide
115, parc ,parc,no,word,word/no,parc
116,june june june,june june june,related,nonword,nonword/related,june
117,jine jine jine,jine jine jine,related,nonword,nonword/related,jine
118,cire cire cire,cire cire cire,related,word,word/related,cire
119,posi dave posi,posi dave posi,unrelated,nonword,nonword/unrelated,dave
120, pupe ,pupe,no,nonword,nonword/no,pupe
121, lien ,lien,no,word,word/no,lien
122, ambe ,ambe,no,nonword,nonword/no,ambe
123,sept irai sept,sept irai sept,unrelated,word,word/unrelated,irai
124,moce moce moce,moce moce moce,related,nonword,nonword/related,moce
125,juci vets juci,juci vets juci,unrelated,nonword,nonword/unrelated,vets
126, mise ,mise,no,word,word/no,mise
127,tuce tuce tuce,tuce tuce tuce,related,nonword,nonword/related,tuce
128,ciel ciel ciel,ciel ciel ciel,related,word,word/related,ciel
129, eige ,eige,no,nonword,nonword/no,eige
130, noce ,noce,no,word,word/no,noce
131,ogne adis ogne,ogne adis ogne,unrelated,nonword,nonword/unrelated,adis
132,boui perc boui,boui perc boui,unrelated,nonword,nonword/unrelated,perc
133, jave ,jave,no,nonword,nonword/no,jave
134,faux hier faux,faux hier faux,unrelated,word,word/unrelated,hier
135,igne igne igne,igne igne igne,related,nonword,nonword/related,igne
136,ange ange ange,ange ange ange,related,word,word/related,ange
137,agit agit agit,agit agit agit,related,word,word/related,agit
138, maxi ,maxi,no,word,word/no,maxi
139,rude gant rude,rude gant rude,unrelated,word,word/unrelated,gant
140, psue ,psue,no,nonword,nonword/no,psue
141, onze ,onze,no,word,word/no,onze
142,dame folk dame,dame folk dame,unrelated,word,word/unrelated,folk
143,vuis acle vuis,vuis acle vuis,unrelated,nonword,nonword/unrelated,acle
144,cure cure cure,cure cure cure,related,word,word/related,cure
145,drai jote drai,drai jote drai,unrelated,nonword,nonword/unrelated,jote
146,huif huif huif,huif huif huif,related,nonword,nonword/related,huif
147,olde olde olde,olde olde olde,related,nonword,nonword/related,olde
148, ouve ,ouve,no,nonword,nonword/no,ouve
149,gnai clec gnai,gnai clec gnai,unrelated,nonword,nonword/unrelated,clec
150,oche oche oche,oche oche oche,related,nonword,nonword/related,oche
151,uits rane uits,uits rane uits,unrelated,nonword,nonword/unrelated,rane
152,suel apin suel,suel apin suel,unrelated,nonword,nonword/unrelated,apin
153,boge chir boge,boge chir boge,unrelated,nonword,nonword/unrelated,chir
154,berf berf berf,berf berf berf,related,nonword,nonword/related,berf
155, loup ,loup,no,word,word/no,loup
156,erle vonc erle,erle vonc erle,unrelated,nonword,nonword/unrelated,vonc
157, mare ,mare,no,word,word/no,mare
158, mine ,mine,no,word,word/no,mine
159, oeil ,oeil,no,word,word/no,oeil
160,pluo adre pluo,pluo adre pluo,unrelated,nonword,nonword/unrelated,adre
161,banc banc banc,banc banc banc,related,word,word/related,banc
162,chic chic chic,chic chic chic,related,word,word/related,chic
163,clip clip clip,clip clip clip,related,word,word/related,clip
164, dier ,dier,no,nonword,nonword/no,dier
165,noil noil noil,noil noil noil,related,nonword,nonword/related,noil
166,zoom dite zoom,zoom dite zoom,unrelated,word,word/unrelated,dite
167,soti soti soti,soti soti soti,related,nonword,nonword/related,soti
168,alme uits alme,alme uits alme,unrelated,nonword,nonword/unrelated,uits
169,pril oute pril,pril oute pril,unrelated,nonword,nonword/unrelated,oute
170, mont ,mont,no,word,word/no,mont
171,bien foot bien,bien foot bien,unrelated,word,word/unrelated,foot
172, flir ,flir,no,nonword,nonword/no,flir
173,bain bain bain,bain bain bain,related,word,word/related,bain
174,sube sube sube,sube sube sube,related,nonword,nonword/related,sube
175,psin vute psin,psin vute psin,unrelated,nonword,nonword/unrelated,vute
176,clas uite clas,clas uite clas,unrelated,nonword,nonword/unrelated,uite
177,vert donc vert,vert donc vert,unrelated,word,word/unrelated,donc
178,tyle tyle tyle,tyle tyle tyle,related,nonword,nonword/related,tyle
179,dame dame dame,dame dame dame,related,word,word/related,dame
180, peur ,peur,no,word,word/no,peur
181, pipi ,pipi,no,word,word/no,pipi
182, inge ,inge,no,nonword,nonword/no,inge
183,cuce cuce cuce,cuce cuce cuce,related,nonword,nonword/related,cuce
184,bres bres bres,bres bres bres,related,nonword,nonword/related,bres
185,tinq arer tinq,tinq arer tinq,unrelated,nonword,nonword/unrelated,arer
186, idue ,idue,no,nonword,nonword/no,idue
187,bile bile bile,bile bile bile,related,word,word/related,bile
188, paix ,paix,no,word,word/no,paix
189,tute gami tute,tute gami tute,unrelated,nonword,nonword/unrelated,gami
190,bout haie bout,bout haie bout,unrelated,word,word/unrelated,haie
191,muni face muni,muni face muni,unrelated,word,word/unrelated,face
192,bise bise bise,bise bise bise,related,word,word/related,bise
193,puif stre puif,puif stre puif,unrelated,nonword,nonword/unrelated,stre
194,crie crie crie,crie crie crie,related,word,word/related,crie
195,abac nole abac,abac nole abac,unrelated,nonword,nonword/unrelated,nole
196,cent doux cent,cent doux cent,unrelated,word,word/unrelated,doux
197, sobe ,sobe,no,nonword,nonword/no,sobe
198,cerf cerf cerf,cerf cerf cerf,related,word,word/related,cerf
199,anue drir anue,anue drir anue,unrelated,nonword,nonword/unrelated,drir
200, pion ,pion,no,word,word/no,pion
201,gion gion gion,gion gion gion,related,nonword,nonword/related,gion
202,aide flux aide,aide flux aide,unrelated,word,word/unrelated,flux
203, spon ,spon,no,nonword,nonword/no,spon
204,rive faut rive,rive faut rive,unrelated,word,word/unrelated,faut
205, poce ,poce,no,nonword,nonword/no,poce
206, poge ,poge,no,nonword,nonword/no,poge
207,nobe ifus nobe,nobe ifus nobe,unrelated,nonword,nonword/unrelated,ifus
208,rine rine rine,rine rine rine,related,nonword,nonword/related,rine
209,vore flid vore,vore flid vore,unrelated,nonword,nonword/unrelated,flid
210, leur ,leur,no,word,word/no,leur
211, dige ,dige,no,nonword,nonword/no,dige
212, part ,part,no,word,word/no,part
213,tome juin tome,tome juin tome,unrelated,word,word/unrelated,juin
214, lage ,lage,no,nonword,nonword/no,lage
215,chat dure chat,chat dure chat,unrelated,word,word/unrelated,dure
216,arve juci arve,arve juci arve,unrelated,nonword,nonword/unrelated,juci
217, page ,page,no,word,word/no,page
218,psus fien psus,psus fien psus,unrelated,nonword,nonword/unrelated,fien
219,daps daps daps,daps daps daps,related,nonword,nonword/related,daps
220, main ,main,no,word,word/no,main
221,poxe poxe poxe,poxe poxe poxe,related,nonword,nonword/related,poxe
222, hade ,hade,no,nonword,nonword/no,hade
223, noir ,noir,no,word,word/no,noir
224,aube aube aube,aube aube aube,related,word,word/related,aube
225, buge ,buge,no,nonword,nonword/no,buge
226,duve cing duve,duve cing duve,unrelated,nonword,nonword/unrelated,cing
227,apte apte apte,apte apte apte,related,word,word/related,apte
228, ment ,ment,no,word,word/no,ment
229,isir isir isir,isir isir isir,related,nonword,nonword/related,isir
230,prie judo prie,prie judo prie,unrelated,word,word/unrelated,judo
231,cage cage cage,cage cage cage,related,word,word/related,cage
232,nile nile nile,nile nile nile,related,nonword,nonword/related,nile
233,aide aide aide,aide aide aide,related,word,word/related,aide
234, duve ,duve,no,nonword,nonword/no,duve
235,bien bien bien,bien bien bien,related,word,word/related,bien
236,uite plar uite,uite plar uite,unrelated,nonword,nonword/unrelated,plar
237,casi rone casi,casi rone casi,unrelated,nonword,nonword/unrelated,rone
238,cool cool cool,cool cool cool,related,word,word/related,cool
239, note ,note,no,word,word/no,note
240,user faim user,user faim user,unrelated,word,word/unrelated,faim
241, flin ,flin,no,nonword,nonword/no,flin
242,juif lard juif,juif lard juif,unrelated,word,word/unrelated,lard
243, pire ,pire,no,word,word/no,pire
244,taxi jure taxi,taxi jure taxi,unrelated,word,word/unrelated,jure
245, lire ,lire,no,word,word/no,lire
246,gine gine gine,gine gine gine,related,nonword,nonword/related,gine
247,bail feux bail,bail feux bail,unrelated,word,word/unrelated,feux
248,uste uste uste,uste uste uste,related,nonword,nonword/related,uste
249,acte acte acte,acte acte acte,related,word,word/related,acte
250,ceci ceci ceci,ceci ceci ceci,related,word,word/related,ceci
251, glie ,glie,no,nonword,nonword/no,glie
252,moif moif moif,moif moif moif,related,nonword,nonword/related,moif
253, luxe ,luxe,no,word,word/no,luxe
254, nobe ,nobe,no,nonword,nonword/no,nobe
255, bome ,bome,no,nonword,nonword/no,bome
256,acun irme acun,acun irme acun,unrelated,nonword,nonword/unrelated,irme
257,cerf gain cerf,cerf gain cerf,unrelated,word,word/unrelated,gain
258, nage ,nage,no,word,word/no,nage
259,aral cien aral,aral cien aral,unrelated,nonword,nonword/unrelated,cien
260, oser ,oser,no,word,word/no,oser
261,durc iage durc,durc iage durc,unrelated,nonword,nonword/unrelated,iage
262, loin ,loin,no,word,word/no,loin
263,nord eaux nord,nord eaux nord,unrelated,word,word/unrelated,eaux
264,coin coin coin,coin coin coin,related,word,word/related,coin
265, paye ,paye,no,word,word/no,paye
266,acci spel acci,acci spel acci,unrelated,nonword,nonword/unrelated,spel
267, suel ,suel,no,nonword,nonword/no,suel
268,lier fond lier,lier fond lier,unrelated,word,word/unrelated,fond
269,coup coup coup,coup coup coup,related,word,word/related,coup
270, vour ,vour,no,nonword,nonword/no,vour
271, grer ,grer,no,nonword,nonword/no,grer
272,brut brut brut,brut brut brut,related,word,word/related,brut
273,unie flot unie,unie flot unie,unrelated,word,word/unrelated,flot
274,vute clir vute,vute clir vute,unrelated,nonword,nonword/unrelated,clir
275, logo ,logo,no,word,word/no,logo
276,tese tese tese,tese tese tese,related,nonword,nonword/related,tese
277,vure vure vure,vure vure vure,related,nonword,nonword/related,vure
278,bouc bouc bouc,bouc bouc bouc,related,word,word/related,bouc
279,mort lave mort,mort lave mort,unrelated,word,word/unrelated,lave
280,jage rour jage,jage rour jage,unrelated,nonword,nonword/unrelated,rour
281, doce ,doce,no,nonword,nonword/no,doce
282,bral hien bral,bral hien bral,unrelated,nonword,nonword/unrelated,hien
283,mype buin mype,mype buin mype,unrelated,nonword,nonword/unrelated,buin
284,moue kaki moue,moue kaki moue,unrelated,word,word/unrelated,kaki
285,groi cupe groi,groi cupe groi,unrelated,nonword,nonword/unrelated,cupe
286,gose gose gose,gose gose gose,related,nonword,nonword/related,gose
287,dute ilas dute,dute ilas dute,unrelated,nonword,nonword/unrelated,ilas
288,avas avas avas,avas avas avas,related,nonword,nonword/related,avas
289, tute ,tute,no,nonword,nonword/no,tute
290,caie caie caie,caie caie caie,related,nonword,nonword/related,caie
291, nerf ,nerf,no,word,word/no,nerf
292,chir bolk chir,chir bolk chir,unrelated,nonword,nonword/unrelated,bolk
293, glin ,glin,no,nonword,nonword/no,glin
294,crec humi crec,crec humi crec,unrelated,nonword,nonword/unrelated,humi
295,base base base,base base base,related,word,word/related,base
296, loge ,loge,no,word,word/no,loge
297, plat ,plat,no,word,word/no,plat
298,bair soge bair,bair soge bair,unrelated,nonword,nonword/unrelated,soge
299,avec avec avec,avec avec avec,related,word,word/related,avec
300, aser ,aser,no,nonword,nonword/no,aser
301,elle huit elle,elle huit elle,unrelated,word,word/unrelated,huit
302, veur ,veur,no,nonword,nonword/no,veur
303,taxe film taxe,taxe film taxe,unrelated,word,word/unrelated,film
304,clef clef clef,clef clef clef,related,word,word/related,clef
305, nier ,nier,no,word,word/no,nier
306, rinc ,rinc,no,nonword,nonword/no,rinc
307, mune ,mune,no,nonword,nonword/no,mune
308,chat chat chat,chat chat chat,related,word,word/related,chat
309,nouf nouf nouf,nouf nouf nouf,related,nonword,nonword/related,nouf
310, nain ,nain,no,word,word/no,nain
311,cour cour cour,cour cour cour,related,word,word/related,cour
312, lune ,lune,no,word,word/no,lune
313, neuf ,neuf,no,word,word/no,neuf
314, loto ,loto,no,word,word/no,loto
315, pied ,pied,no,word,word/no,pied
316, jurf ,jurf,no,nonword,nonword/no,jurf
317,auto auto auto,auto auto auto,related,word,word/related,auto
318, long ,long,no,word,word/no,long
319, euve ,euve,no,nonword,nonword/no,euve
320,brun foie brun,brun foie brun,unrelated,word,word/unrelated,foie
321,ocbo ocbo ocbo,ocbo ocbo ocbo,related,nonword,nonword/related,ocbo
322,tout fine tout,tout fine tout,unrelated,word,word/unrelated,fine
323,cion cion cion,cion cion cion,related,nonword,nonword/related,cion
324, moto ,moto,no,word,word/no,moto
325,loui gerf loui,loui gerf loui,unrelated,nonword,nonword/unrelated,gerf
326,cher cher cher,cher cher cher,related,word,word/related,cher
327, bexe ,bexe,no,nonword,nonword/no,bexe
328,mise four mise,mise four mise,unrelated,word,word/unrelated,four
329,crie dont crie,crie dont crie,unrelated,word,word/unrelated,dont
330,vase kilo vase,vase kilo vase,unrelated,word,word/unrelated,kilo
331,jeep flan jeep,jeep flan jeep,unrelated,word,word/unrelated,flan
332, ogre ,ogre,no,word,word/no,ogre
333,boue boue boue,boue boue boue,related,word,word/related,boue
334, rese ,rese,no,nonword,nonword/no,rese
335,tade tade tade,tade tade tade,related,nonword,nonword/related,tade
336, lisi ,lisi,no,nonword,nonword/no,lisi
337,pied haut pied,pied haut pied,unrelated,word,word/unrelated,haut
338,azur azur azur,azur azur azur,related,word,word/related,azur
339,loui loui loui,loui loui loui,related,nonword,nonword/related,loui
340,amie amie amie,amie amie amie,related,word,word/related,amie
341, moue ,moue,no,word,word/no,moue
342, fope ,fope,no,nonword,nonword/no,fope
343, noix ,noix,no,word,word/no,noix
344, paie ,paie,no,word,word/no,paie
345, pare ,pare,no,word,word/no,pare
346,gouf gouf gouf,gouf gouf gouf,related,nonword,nonword/related,gouf
347,spho geuf spho,spho geuf spho,unrelated,nonword,nonword/unrelated,geuf
348, mien ,mien,no,word,word/no,mien
349, reur ,reur,no,nonword,nonword/no,reur
350, cuse ,cuse,no,nonword,nonword/no,cuse
351,cins cins cins,cins cins cins,related,nonword,nonword/related,cins
352,note juif note,note juif note,unrelated,word,word/unrelated,juif
353, jore ,jore,no,nonword,nonword/no,jore
354,trot jupe trot,trot jupe trot,unrelated,word,word/unrelated,jupe
355,agir agir agir,agir agir agir,related,word,word/related,agir
356, mode ,mode,no,word,word/no,mode
357,grer muis grer,grer muis grer,unrelated,nonword,nonword/unrelated,muis
358,bail bail bail,bail bail bail,related,word,word/related,bail
359,muet golf muet,muet golf muet,unrelated,word,word/unrelated,golf
360, midi ,midi,no,word,word/no,midi
361, dade ,dade,no,nonword,nonword/no,dade
362, psub ,psub,no,nonword,nonword/no,psub
363,cote cote cote,cote cote cote,related,word,word/related,cote
364,peur doit peur,peur doit peur,unrelated,word,word/unrelated,doit
365,itie itie itie,itie itie itie,related,nonword,nonword/related,itie
366,diol diol diol,diol diol diol,related,nonword,nonword/related,diol
367,nomb nomb nomb,nomb nomb nomb,related,nonword,nonword/related,nomb
368, mule ,mule,no,word,word/no,mule
369, ince ,ince,no,nonword,nonword/no,ince
370,tess boui tess,tess boui tess,unrelated,nonword,nonword/unrelated,boui
371, pras ,pras,no,nonword,nonword/no,pras
372, oral ,oral,no,word,word/no,oral
373,durc durc durc,durc durc durc,related,nonword,nonword/related,durc
374, luge ,luge,no,word,word/no,luge
375,dent dent dent,dent dent dent,related,word,word/related,dent
376,cuit gare cuit,cuit gare cuit,unrelated,word,word/unrelated,gare
377,daud iser daud,daud iser daud,unrelated,nonword,nonword/unrelated,iser
378,diol vare diol,diol vare diol,unrelated,nonword,nonword/unrelated,vare
379, arve ,arve,no,nonword,nonword/no,arve
380,flir sute flir,flir sute flir,unrelated,nonword,nonword/unrelated,sute
381,chef chef chef,chef chef chef,related,word,word/related,chef
382,drif chen drif,drif chen drif,unrelated,nonword,nonword/unrelated,chen
383, oque ,oque,no,nonword,nonword/no,oque
384,clip dose clip,clip dose clip,unrelated,word,word/unrelated,dose
385, vrec ,vrec,no,nonword,nonword/no,vrec
386,frum olis frum,frum olis frum,unrelated,nonword,nonword/unrelated,olis
387,cuir cuir cuir,cuir cuir cuir,related,word,word/related,cuir
388,nage flic nage,nage flic nage,unrelated,word,word/unrelated,flic
389,luxe gang luxe,luxe gang luxe,unrelated,word,word/unrelated,gang
390,sauf grec sauf,sauf grec sauf,unrelated,word,word/unrelated,grec
391,goir ches goir,goir ches goir,unrelated,nonword,nonword/unrelated,ches
392,brun brun brun,brun brun brun,related,word,word/related,brun
393, fler ,fler,no,nonword,nonword/no,fler
394, ocre ,ocre,no,word,word/no,ocre
395,imer imer imer,imer imer imer,related,nonword,nonword/related,imer
396,glac glac glac,glac glac glac,related,nonword,nonword/related,glac
397, plie ,plie,no,word,word/no,plie
398,psin psin psin,psin psin psin,related,nonword,nonword/related,psin
399, oste ,oste,no,nonword,nonword/no,oste
400,sode arni sode,sode arni sode,unrelated,nonword,nonword/unrelated,arni
401,case case case,case case case,related,word,word/related,case
402,chef joli chef,chef joli chef,unrelated,word,word/unrelated,joli
403,scol scol scol,scol scol scol,related,nonword,nonword/related,scol
404,giel giel giel,giel giel giel,related,nonword,nonword/related,giel
405,boit boit boit,boit boit boit,related,word,word/related,boit
406,cour gaie cour,cour gaie cour,unrelated,word,word/unrelated,gaie
407,rime font rime,rime font rime,unrelated,word,word/unrelated,font
408, orge ,orge,no,word,word/no,orge
409,nuit expo nuit,nuit expo nuit,unrelated,word,word/unrelated,expo
410,cash cash cash,cash cash cash,related,word,word/related,cash
411,bout bout bout,bout bout bout,related,word,word/related,bout
412,boge boge boge,boge boge boge,related,nonword,nonword/related,boge
413,base fort base,base fort base,unrelated,word,word/unrelated,fort
414,sale dort sale,sale dort sale,unrelated,word,word/unrelated,dort
415,club club club,club club club,related,word,word/related,club
416, mari ,mari,no,word,word/no,mari
417,bref bref bref,bref bref bref,related,word,word/related,bref
418,nans ucre nans,nans ucre nans,unrelated,nonword,nonword/unrelated,ucre
419,gord saze gord,gord saze gord,unrelated,nonword,nonword/unrelated,saze
420,bord bord bord,bord bord bord,related,word,word/related,bord
421, aive ,aive,no,nonword,nonword/no,aive
422,bond bond bond,bond bond bond,related,word,word/related,bond
423, ponc ,ponc,no,nonword,nonword/no,ponc
424,code code code,code code code,related,word,word/related,code
425, orie ,orie,no,nonword,nonword/no,orie
426,nanc glui nanc,nanc glui nanc,unrelated,nonword,nonword/unrelated,glui
427,juin labo juin,juin labo juin,unrelated,word,word/unrelated,labo
428,cuve cuve cuve,cuve cuve cuve,related,word,word/related,cuve
429,cinq cinq cinq,cinq cinq cinq,related,word,word/related,cinq
430,ceux ceux ceux,ceux ceux ceux,related,word,word/related,ceux
431,bloc bloc bloc,bloc bloc bloc,related,word,word/related,bloc
432,chut chut chut,chut chut chut,related,word,word/related,chut
433,cape cape cape,cape cape cape,related,word,word/related,cape
434,bome glur bome,bome glur bome,unrelated,nonword,nonword/unrelated,glur
435, hore ,hore,no,nonword,nonword/no,hore
436,oute didi oute,oute didi oute,unrelated,nonword,nonword/unrelated,didi
437, dide ,dide,no,nonword,nonword/no,dide
438,dort exil dort,dort exil dort,unrelated,word,word/unrelated,exil
439, lynx ,lynx,no,word,word/no,lynx
440,date date date,date date date,related,word,word/related,date
441,carc deno carc,carc deno carc,unrelated,nonword,nonword/unrelated,deno
442,dose fait dose,dose fait dose,unrelated,word,word/unrelated,fait
443,abri abri abri,abri abri abri,related,word,word/related,abri
444, isar ,isar,no,nonword,nonword/no,isar
445, mort ,mort,no,word,word/no,mort
446,gami sper gami,gami sper gami,unrelated,nonword,nonword/unrelated,sper
447,cude cude cude,cude cude cude,related,nonword,nonword/related,cude
448,crue crue crue,crue crue crue,related,word,word/related,crue
449,vave vave vave,vave vave vave,related,nonword,nonword/related,vave
450,sort fade sort,sort fade sort,unrelated,word,word/unrelated,fade
451,duis duis duis,duis duis duis,related,nonword,nonword/related,duis
452,naze fuir naze,naze fuir naze,unrelated,word,word/unrelated,fuir
453, pipe ,pipe,no,word,word/no,pipe
454,demi demi demi,demi demi demi,related,word,word/related,demi
455, muni ,muni,no,word,word/no,muni
456,coui arne coui,coui arne coui,unrelated,nonword,nonword/unrelated,arne
457,arme arme arme,arme arme arme,related,word,word/related,arme
458,clan clan clan,clan clan clan,related,word,word/related,clan
459, zour ,zour,no,nonword,nonword/no,zour
460,pure laid pure,pure laid pure,unrelated,word,word/unrelated,laid
461,perd fuit perd,perd fuit perd,unrelated,word,word/unrelated,fuit
462,drac drac drac,drac drac drac,related,nonword,nonword/related,drac
463,rour ilie rour,rour ilie rour,unrelated,nonword,nonword/unrelated,ilie
464, ogne ,ogne,no,nonword,nonword/no,ogne
465, roge ,roge,no,nonword,nonword/no,roge
466,jupe info jupe,jupe info jupe,unrelated,word,word/unrelated,info
467,bame bame bame,bame bame bame,related,nonword,nonword/related,bame
468, ibac ,ibac,no,nonword,nonword/no,ibac
469, plan ,plan,no,word,word/no,plan
470, noie ,noie,no,word,word/no,noie
471,dise dise dise,dise dise dise,related,word,word/related,dise
472,camp dune camp,camp dune camp,unrelated,word,word/unrelated,dune
473,sabe sabe sabe,sabe sabe sabe,related,nonword,nonword/related,sabe
474,ande ande ande,ande ande ande,related,nonword,nonword/related,ande
475,veul veul veul,veul veul veul,related,nonword,nonword/related,veul
476, chud ,chud,no,nonword,nonword/no,chud
477,coui coui coui,coui coui coui,related,nonword,nonword/related,coui
478,jive nour jive,jive nour jive,unrelated,nonword,nonword/unrelated,nour
479, ique ,ique,no,nonword,nonword/no,ique
480,anue anue anue,anue anue anue,related,nonword,nonword/related,anue
481,varc varc varc,varc varc varc,related,nonword,nonword/related,varc
482, nire ,nire,no,nonword,nonword/no,nire
483,haid jore haid,haid jore haid,unrelated,nonword,nonword/unrelated,jore
484,pipi case pipi,pipi case pipi,unrelated,word,word/unrelated,case
485,plie plie plie,plie plie plie,related,word,word/related,plie
486,oste oste oste,oste oste oste,related,nonword,nonword/related,oste
487,spui tade spui,spui tade spui,unrelated,nonword,nonword/unrelated,tade
488,daps gric daps,daps gric daps,unrelated,nonword,nonword/unrelated,gric
489, deno ,deno,no,nonword,nonword/no,deno
490, nole ,nole,no,nonword,nonword/no,nole
491,bain ceux bain,bain ceux bain,unrelated,word,word/unrelated,ceux
492, ifus ,ifus,no,nonword,nonword/no,ifus
493, foot ,foot,no,word,word/no,foot
494, folk ,folk,no,word,word/no,folk
495, dont ,dont,no,word,word/no,dont
496, fuir ,fuir,no,word,word/no,fuir
497, gaie ,gaie,no,word,word/no,gaie
498,cher agit cher,cher agit cher,unrelated,word,word/unrelated,agit
499, perc ,perc,no,nonword,nonword/no,perc
500,kilo bref kilo,kilo bref kilo,unrelated,word,word/unrelated,bref
501, golf ,golf,no,word,word/no,golf
502,ande brir ande,ande brir ande,unrelated,nonword,nonword/unrelated,brir
503,dent cool dent,dent cool dent,unrelated,word,word/unrelated,cool
504, dodo ,dodo,no,word,word/no,dodo
505,coin date coin,coin date coin,unrelated,word,word/unrelated,date
506,imin vore imin,imin vore imin,unrelated,nonword,nonword/unrelated,vore
507, rour ,rour,no,nonword,nonword/no,rour
508, fien ,fien,no,nonword,nonword/no,fien
509,mule mule mule,mule mule mule,related,word,word/related,mule
510,orge orge orge,orge orge orge,related,word,word/related,orge
511, huit ,huit,no,word,word/no,huit
512,thym aube thym,thym aube thym,unrelated,word,word/unrelated,aube
513,drie nouf drie,drie nouf drie,unrelated,nonword,nonword/unrelated,nouf
514,neuf neuf neuf,neuf neuf neuf,related,word,word/related,neuf
515,oser oser oser,oser oser oser,related,word,word/related,oser
516,noix noix noix,noix noix noix,related,word,word/related,noix
517, jour ,jour,no,word,word/no,jour
518,ibac ibac ibac,ibac ibac ibac,related,nonword,nonword/related,ibac
519,nire nire nire,nire nire nire,related,nonword,nonword/related,nire
520,paie brun paie,paie brun paie,unrelated,word,word/unrelated,brun
521, dure ,dure,no,word,word/no,dure
522,plar huif plar,plar huif plar,unrelated,nonword,nonword/unrelated,huif
523,tute tute tute,tute tute tute,related,nonword,nonword/related,tute
524,blai cude blai,blai cude blai,unrelated,nonword,nonword/unrelated,cude
525,zinc boue zinc,zinc boue zinc,unrelated,word,word/unrelated,boue
526, jure ,jure,no,word,word/no,jure
527, chen ,chen,no,nonword,nonword/no,chen
528,flur gose flur,flur gose flur,unrelated,nonword,nonword/unrelated,gose
529,oeuf oeuf oeuf,oeuf oeuf oeuf,related,word,word/related,oeuf
530,hier bout hier,hier bout hier,unrelated,word,word/unrelated,bout
531,yeux clip yeux,yeux clip yeux,unrelated,word,word/unrelated,clip
532, adre ,adre,no,nonword,nonword/no,adre
533,hien avas hien,hien avas hien,unrelated,nonword,nonword/unrelated,avas
534, diel ,diel,no,nonword,nonword/no,diel
535,jurf jurf jurf,jurf jurf jurf,related,nonword,nonword/related,jurf
536,oser camp oser,oser camp oser,unrelated,word,word/unrelated,camp
537,fler fler fler,fler fler fler,related,nonword,nonword/related,fler
538,duve duve duve,duve duve duve,related,nonword,nonword/related,duve
539, kaki ,kaki,no,word,word/no,kaki
540,banc demi banc,banc demi banc,unrelated,word,word/unrelated,demi
541,pile pile pile,pile pile pile,related,word,word/related,pile
542,pire pire pire,pire pire pire,related,word,word/related,pire
543, drir ,drir,no,nonword,nonword/no,drir
544,mise mise mise,mise mise mise,related,word,word/related,mise
545,rese rese rese,rese rese rese,related,nonword,nonword/related,rese
546, ilie ,ilie,no,nonword,nonword/no,ilie
547,flir flir flir,flir flir flir,related,nonword,nonword/related,flir
548, juif ,juif,no,word,word/no,juif
549,chut aide chut,chut aide chut,unrelated,word,word/unrelated,aide
550,oque oque oque,oque oque oque,related,nonword,nonword/related,oque
551,cure bain cure,cure bain cure,unrelated,word,word/unrelated,bain
552, arni ,arni,no,nonword,nonword/no,arni
553,jave jave jave,jave jave jave,related,nonword,nonword/related,jave
554,sage choc sage,sage choc sage,unrelated,word,word/unrelated,choc
555,plan plan plan,plan plan plan,related,word,word/related,plan
556, yope ,yope,no,nonword,nonword/no,yope
557,soin brut soin,soin brut soin,unrelated,word,word/unrelated,brut
558, donc ,donc,no,word,word/no,donc
559,flin flin flin,flin flin flin,related,nonword,nonword/related,flin
560,pupe pupe pupe,pupe pupe pupe,related,nonword,nonword/related,pupe
561,prix base prix,prix base prix,unrelated,word,word/unrelated,base
562, juci ,juci,no,nonword,nonword/no,juci
563, elle ,elle,no,word,word/no,elle
564,eige eige eige,eige eige eige,related,nonword,nonword/related,eige
565,paie paie paie,paie paie paie,related,word,word/related,paie
566,gine ocbo gine,gine ocbo gine,unrelated,nonword,nonword/unrelated,ocbo
567, info ,info,no,word,word/no,info
568,buge buge buge,buge buge buge,related,nonword,nonword/related,buge
569,bome bome bome,bome bome bome,related,nonword,nonword/related,bome
570, flic ,flic,no,word,word/no,flic
571,loin abat loin,loin abat loin,unrelated,word,word/unrelated,abat
572, four ,four,no,word,word/no,four
573, fini ,fini,no,word,word/no,fini
574,varc igne varc,varc igne varc,unrelated,nonword,nonword/unrelated,igne
575,blus jine blus,blus jine blus,unrelated,nonword,nonword/unrelated,jine
576, lave ,lave,no,word,word/no,lave
577,chud chud chud,chud chud chud,related,nonword,nonword/related,chud
578,saxo crie saxo,saxo crie saxo,unrelated,word,word/unrelated,crie
579,vour vour vour,vour vour vour,related,nonword,nonword/related,vour
580,bexe bexe bexe,bexe bexe bexe,related,nonword,nonword/related,bexe
581,mare mare mare,mare mare mare,related,word,word/related,mare
582, glur ,glur,no,nonword,nonword/no,glur
583,psub psub psub,psub psub psub,related,nonword,nonword/related,psub
584,loge loge loge,loge loge loge,related,word,word/related,loge
585,doce doce doce,doce doce doce,related,nonword,nonword/related,doce
586, kilo ,kilo,no,word,word/no,kilo
587,nord nord nord,nord nord nord,related,word,word/related,nord
588,naze naze naze,naze naze naze,related,word,word/related,naze
589,bobo cher bobo,bobo cher bobo,unrelated,word,word/unrelated,cher
590,mari mari mari,mari mari mari,related,word,word/related,mari
591,noir cage noir,noir cage noir,unrelated,word,word/unrelated,cage
592, fabe ,fabe,no,nonword,nonword/no,fabe
593,poif tese poif,poif tese poif,unrelated,nonword,nonword/unrelated,tese
594,muet muet muet,muet muet muet,related,word,word/related,muet
595,nier nier nier,nier nier nier,related,word,word/related,nier
596,poli crue poli,poli crue poli,unrelated,word,word/unrelated,crue
597, feux ,feux,no,word,word/no,feux
598,lien lien lien,lien lien lien,related,word,word/related,lien
599, hier ,hier,no,word,word/no,hier
600, rers ,rers,no,nonword,nonword/no,rers
601,fini code fini,fini code fini,unrelated,word,word/unrelated,code
602,ogne ogne ogne,ogne ogne ogne,related,nonword,nonword/related,ogne
603,paix paix paix,paix paix paix,related,word,word/related,paix
604, ivre ,ivre,no,word,word/no,ivre
605,gnis orve gnis,gnis orve gnis,unrelated,nonword,nonword/unrelated,orve
606,uque uque uque,uque uque uque,related,nonword,nonword/related,uque
607, juin ,juin,no,word,word/no,juin
608,nain nain nain,nain nain nain,related,word,word/related,nain
609,nage nage nage,nage nage nage,related,word,word/related,nage
610, bolk ,bolk,no,nonword,nonword/no,bolk
611, iers ,iers,no,nonword,nonword/no,iers
612,fuir dent fuir,fuir dent fuir,unrelated,word,word/unrelated,dent
613,cude nomb cude,cude nomb cude,unrelated,nonword,nonword/unrelated,nomb
614, vige ,vige,no,nonword,nonword/no,vige
615,vace stin vace,vace stin vace,unrelated,nonword,nonword/unrelated,stin
616,veur veur veur,veur veur veur,related,nonword,nonword/related,veur
617,mode mode mode,mode mode mode,related,word,word/related,mode
618, mexe ,mexe,no,nonword,nonword/no,mexe
619,tese cion tese,tese cion tese,unrelated,nonword,nonword/unrelated,cion
620,oble duis oble,oble duis oble,unrelated,nonword,nonword/unrelated,duis
621,brut amie brut,brut amie brut,unrelated,word,word/unrelated,amie
622,clir bame clir,clir bame clir,unrelated,nonword,nonword/unrelated,bame
623,cupe abir cupe,cupe abir cupe,unrelated,nonword,nonword/unrelated,abir
624, dose ,dose,no,word,word/no,dose
625,gnal moce gnal,gnal moce gnal,unrelated,nonword,nonword/unrelated,moce
626,olis vave olis,olis vave olis,unrelated,nonword,nonword/unrelated,vave
627,isar isar isar,isar isar isar,related,nonword,nonword/related,isar
628, imci ,imci,no,nonword,nonword/no,imci
629,face bobo face,face bobo face,unrelated,word,word/unrelated,bobo
630, flid ,flid,no,nonword,nonword/no,flid
631,port cube port,port cube port,unrelated,word,word/unrelated,cube
632,choc amer choc,choc amer choc,unrelated,word,word/unrelated,amer
633, grec ,grec,no,word,word/no,grec
634, fine ,fine,no,word,word/no,fine
635,tuis erle tuis,tuis erle tuis,unrelated,nonword,nonword/unrelated,erle
636,ouve ouve ouve,ouve ouve ouve,related,nonword,nonword/related,ouve
637,pipe pipe pipe,pipe pipe pipe,related,word,word/related,pipe
638,plat plat plat,plat plat plat,related,word,word/related,plat
639,paix chef paix,paix chef paix,unrelated,word,word/unrelated,chef
640,ilci spen ilci,ilci spen ilci,unrelated,nonword,nonword/unrelated,spen
641,mule agir mule,mule agir mule,unrelated,word,word/unrelated,agir
642, doit ,doit,no,word,word/no,doit
643,punk baie punk,punk baie punk,unrelated,word,word/unrelated,baie
644, adis ,adis,no,nonword,nonword/no,adis
645,paye club paye,paye club paye,unrelated,word,word/unrelated,club
646,auto bien auto,auto bien auto,unrelated,word,word/unrelated,bien
647,stin oche stin,stin oche stin,unrelated,nonword,nonword/unrelated,oche
648,groi groi groi,groi groi groi,related,nonword,nonword/related,groi
649,afmi afmi afmi,afmi afmi afmi,related,nonword,nonword/related,afmi
650, clec ,clec,no,nonword,nonword/no,clec
651,nomb vure nomb,nomb vure nomb,unrelated,nonword,nonword/unrelated,vure
652,luxe luxe luxe,luxe luxe luxe,related,word,word/related,luxe
653,mort mort mort,mort mort mort,related,word,word/related,mort
654,asos cuce asos,asos cuce asos,unrelated,nonword,nonword/unrelated,cuce
655,stue stue stue,stue stue stue,related,nonword,nonword/related,stue
656,noie noie noie,noie noie noie,related,word,word/related,noie
657, rane ,rane,no,nonword,nonword/no,rane
658,afer cins afer,afer cins afer,unrelated,nonword,nonword/unrelated,cins
659,bond aime bond,bond aime bond,unrelated,word,word/unrelated,aime
660,psue psue psue,psue psue psue,related,nonword,nonword/related,psue
661,doux cave doux,doux cave doux,unrelated,word,word/unrelated,cave
662, gang ,gang,no,word,word/no,gang
663, mato ,mato,no,nonword,nonword/no,mato
664, faut ,faut,no,word,word/no,faut
665, fier ,fier,no,word,word/no,fier
666,brir anue brir,brir anue brir,unrelated,nonword,nonword/unrelated,anue
667, fade ,fade,no,word,word/no,fade
668,puce abri puce,puce abri puce,unrelated,word,word/unrelated,abri
669, juge ,juge,no,word,word/no,juge
670, soge ,soge,no,nonword,nonword/no,soge
671,jour cape jour,jour cape jour,unrelated,word,word/unrelated,cape
672,mine coup mine,mine coup mine,unrelated,word,word/unrelated,coup
673, judo ,judo,no,word,word/no,judo
674, irai ,irai,no,word,word/no,irai
675,aser aser aser,aser aser aser,related,nonword,nonword/related,aser
676, expo ,expo,no,word,word/no,expo
677,scol gine scol,scol gine scol,unrelated,nonword,nonword/unrelated,gine
678,ster ster ster,ster ster ster,related,nonword,nonword/related,ster
679,dets dets dets,dets dets dets,related,nonword,nonword/related,dets
680,nobe nobe nobe,nobe nobe nobe,related,nonword,nonword/related,nobe
681,flie varc flie,flie varc flie,unrelated,nonword,nonword/unrelated,varc
682,dier dier dier,dier dier dier,related,nonword,nonword/related,dier
683,poge poge poge,poge poge poge,related,nonword,nonword/related,poge
684, jupe ,jupe,no,word,word/no,jupe
685,quai cerf quai,quai cerf quai,unrelated,word,word/unrelated,cerf
686,clan deux clan,clan deux clan,unrelated,word,word/unrelated,deux
687, jote ,jote,no,nonword,nonword/no,jote
688, dite ,dite,no,word,word/no,dite
689,pare cinq pare,pare cinq pare,unrelated,word,word/unrelated,cinq
690,gois gois gois,gois gois gois,related,nonword,nonword/related,gois
691,idue idue idue,idue idue idue,related,nonword,nonword/related,idue
692,onze onze onze,onze onze onze,related,word,word/related,onze
693,pras pras pras,pras pras pras,related,nonword,nonword/related,pras
694,loto loto loto,loto loto loto,related,word,word/related,loto
695,ucun ucun ucun,ucun ucun ucun,related,nonword,nonword/related,ucun
696,duis jage duis,duis jage duis,unrelated,nonword,nonword/unrelated,jage
697,chog lube chog,chog lube chog,unrelated,nonword,nonword/unrelated,lube
698,demi azur demi,demi azur demi,unrelated,word,word/unrelated,azur
699, flot ,flot,no,word,word/no,flot
700,huit clan huit,huit clan huit,unrelated,word,word/unrelated,clan
701,peur peur peur,peur peur peur,related,word,word/related,peur
702, vute ,vute,no,nonword,nonword/no,vute
703,loge cuir loge,loge cuir loge,unrelated,word,word/unrelated,cuir
704,hore hore hore,hore hore hore,related,nonword,nonword/related,hore
705, fuit ,fuit,no,word,word/no,fuit
706,luge luge luge,luge luge luge,related,word,word/related,luge
707,noir noir noir,noir noir noir,related,word,word/related,noir
708,pull cote pull,pull cote pull,unrelated,word,word/unrelated,cote
709,laid cent laid,laid cent laid,unrelated,word,word/unrelated,cent
710,midi midi midi,midi midi midi,related,word,word/related,midi
711,ravi boxe ravi,ravi boxe ravi,unrelated,word,word/unrelated,boxe
712, faim ,faim,no,word,word/no,faim
713,loup loup loup,loup loup loup,related,word,word/related,loup
714,dire banc dire,dire banc dire,unrelated,word,word/unrelated,banc
715,nerf nerf nerf,nerf nerf nerf,related,word,word/related,nerf
716,agne durc agne,agne durc agne,unrelated,nonword,nonword/unrelated,durc
717, flan ,flan,no,word,word/no,flan
718,four ciel four,four ciel four,unrelated,word,word/unrelated,ciel
719, arer ,arer,no,nonword,nonword/no,arer
720,leur leur leur,leur leur leur,related,word,word/related,leur
721, gant ,gant,no,word,word/no,gant
722,fope fope fope,fope fope fope,related,nonword,nonword/related,fope
723,chud jive chud,chud jive chud,unrelated,nonword,nonword/unrelated,jive
724, buin ,buin,no,nonword,nonword/no,buin
725,jude glac jude,jude glac jude,unrelated,nonword,nonword/unrelated,glac
726,sobe sobe sobe,sobe sobe sobe,related,nonword,nonword/related,sobe
727, foin ,foin,no,word,word/no,foin
728, gare ,gare,no,word,word/no,gare
729, stre ,stre,no,nonword,nonword/no,stre
730,cuse cuse cuse,cuse cuse cuse,related,nonword,nonword/related,cuse
731,foin arme foin,foin arme foin,unrelated,word,word/unrelated,arme
732,tose carc tose,tose carc tose,unrelated,nonword,nonword/unrelated,carc
733, fixe ,fixe,no,word,word/no,fixe
734,euve euve euve,euve euve euve,related,nonword,nonword/related,euve
735,alas muie alas,alas muie alas,unrelated,nonword,nonword/unrelated,muie
736,noce noce noce,noce noce noce,related,word,word/related,noce
737, irme ,irme,no,nonword,nonword/no,irme
738, ches ,ches,no,nonword,nonword/no,ches
739, joie ,joie,no,word,word/no,joie
740, cupe ,cupe,no,nonword,nonword/no,cupe
741,cres cres cres,cres cres cres,related,nonword,nonword/related,cres
742,mune mune mune,mune mune mune,related,nonword,nonword/related,mune
743,dide dide dide,dide dide dide,related,nonword,nonword/related,dide
744,muse muse muse,muse muse muse,related,word,word/related,muse
745,pied pied pied,pied pied pied,related,word,word/related,pied
746,grer grer grer,grer grer grer,related,nonword,nonword/related,grer
747,peut peut peut,peut peut peut,related,word,word/related,peut
748,vave gion vave,vave gion vave,unrelated,nonword,nonword/unrelated,gion
749,zour giel zour,zour giel zour,unrelated,nonword,nonword/unrelated,giel
750,ambe ambe ambe,ambe ambe ambe,related,nonword,nonword/related,ambe
751,bouc ange bouc,bouc ange bouc,unrelated,word,word/unrelated,ange
752, cien ,cien,no,nonword,nonword/no,cien
753,moue moue moue,moue moue moue,related,word,word/related,moue
754,pain pain pain,pain pain pain,related,word,word/related,pain
755, oute ,oute,no,nonword,nonword/no,oute
756,fuve drac fuve,fuve drac fuve,unrelated,nonword,nonword/unrelated,drac
757,abat ceci abat,abat ceci abat,unrelated,word,word/unrelated,ceci
758, foie ,foie,no,word,word/no,foie
759,pape pape pape,pape pape pape,related,word,word/related,pape
760, saze ,saze,no,nonword,nonword/no,saze
761,mont mont mont,mont mont mont,related,word,word/related,mont
762, plar ,plar,no,nonword,nonword/no,plar
763,gant bise gant,gant bise gant,unrelated,word,word/unrelated,bise
764,oral oral oral,oral oral oral,related,word,word/related,oral
765, dave ,dave,no,nonword,nonword/no,dave
766, duel ,duel,no,word,word/no,duel
767,amie bouc amie,amie bouc amie,unrelated,word,word/unrelated,bouc
768,tran puif tran,tran puif tran,unrelated,nonword,nonword/unrelated,puif
769, cing ,cing,no,nonword,nonword/no,cing
770,arve arve arve,arve arve arve,related,nonword,nonword/related,arve
771,abir tuce abir,abir tuce abir,unrelated,nonword,nonword/unrelated,tuce
772,race boit race,race boit race,unrelated,word,word/unrelated,boit
773, doux ,doux,no,word,word/no,doux
774,aive aive aive,aive aive aive,related,nonword,nonword/related,aive
775,apin bres apin,apin bres apin,unrelated,nonword,nonword/unrelated,bres
776, faux ,faux,no,word,word/no,faux
777,dade dade dade,dade dade dade,related,nonword,nonword/related,dade
778, gage ,gage,no,word,word/no,gage
779,insi insi insi,insi insi insi,related,nonword,nonword/related,insi
780, sige ,sige,no,nonword,nonword/no,sige
781,lire lire lire,lire lire lire,related,word,word/related,lire
782,fier chat fier,fier chat fier,unrelated,word,word/unrelated,chat
783, eaux ,eaux,no,word,word/no,eaux
784, uite ,uite,no,nonword,nonword/no,uite
785,ince ince ince,ince ince ince,related,nonword,nonword/related,ince
786, face ,face,no,word,word/no,face
787, humi ,humi,no,nonword,nonword/no,humi
788, olis ,olis,no,nonword,nonword/no,olis
789, lard ,lard,no,word,word/no,lard
790,pluc pluc pluc,pluc pluc pluc,related,nonword,nonword/related,pluc
791,reur reur reur,reur reur reur,related,nonword,nonword/related,reur
792, exil ,exil,no,word,word/no,exil
793, coge ,coge,no,nonword,nonword/no,coge
794, ilas ,ilas,no,nonword,nonword/no,ilas
795,page bloc page,page bloc page,unrelated,word,word/unrelated,bloc
796,caie zors caie,caie zors caie,unrelated,nonword,nonword/unrelated,zors
797, drap ,drap,no,word,word/no,drap
798,ofin daps ofin,ofin daps ofin,unrelated,nonword,nonword/unrelated,daps
799,roge roge roge,roge roge roge,related,nonword,nonword/related,roge
800,stas hime stas,stas hime stas,unrelated,nonword,nonword/unrelated,hime
801, dune ,dune,no,word,word/no,dune
802, vets ,vets,no,nonword,nonword/no,vets
803,mien mien mien,mien mien mien,related,word,word/related,mien
804,nuce nuce nuce,nuce nuce nuce,related,nonword,nonword/related,nuce
805,alir poxe alir,alir poxe alir,unrelated,nonword,nonword/unrelated,poxe
806,poil poil poil,poil poil poil,related,word,word/related,poil
807,hade scol hade,hade scol hade,unrelated,nonword,nonword/unrelated,scol
808,suel suel suel,suel suel suel,related,nonword,nonword/related,suel
809,pion pion pion,pion pion pion,related,word,word/related,pion
810,mave loui mave,mave loui mave,unrelated,nonword,nonword/unrelated,loui
811, chir ,chir,no,nonword,nonword/no,chir
812,glin glin glin,glin glin glin,related,nonword,nonword/related,glin
813,lisi lisi lisi,lisi lisi lisi,related,nonword,nonword/related,lisi
814,onde onde onde,onde onde onde,related,word,word/related,onde
815,pras nile pras,pras nile pras,unrelated,nonword,nonword/unrelated,nile
816,logo logo logo,logo logo logo,related,word,word/related,logo
817,muis boge muis,muis boge muis,unrelated,nonword,nonword/unrelated,boge
818, vare ,vare,no,nonword,nonword/no,vare
819, uits ,uits,no,nonword,nonword/no,uits
820, jeux ,jeux,no,word,word/no,jeux
821,lune lune lune,lune lune lune,related,word,word/related,lune
822, fort ,fort,no,word,word/no,fort
823,viol dame viol,viol dame viol,unrelated,word,word/unrelated,dame
824, vonc ,vonc,no,nonword,nonword/no,vonc
825, idem ,idem,no,word,word/no,idem
826, apin ,apin,no,nonword,nonword/no,apin
827,acle psin acle,acle psin acle,unrelated,nonword,nonword/unrelated,psin
828, gerf ,gerf,no,nonword,nonword/no,gerf
829,zour zour zour,zour zour zour,related,nonword,nonword/related,zour
830,lion lion lion,lion lion lion,related,word,word/related,lion
831,lier lier lier,lier lier lier,related,word,word/related,lier
832,murf caie murf,murf caie murf,unrelated,nonword,nonword/unrelated,caie
833,bexe noil bexe,bexe noil bexe,unrelated,nonword,nonword/unrelated,noil
834,buin afer buin,buin afer buin,unrelated,nonword,nonword/unrelated,afer
835, vece ,vece,no,nonword,nonword/no,vece
836,agir clef agir,agir clef agir,unrelated,word,word/unrelated,clef
837, film ,film,no,word,word/no,film
838,oeil oeil oeil,oeil oeil oeil,related,word,word/related,oeil
839,loto cire loto,loto cire loto,unrelated,word,word/unrelated,cire
840, huer ,huer,no,word,word/no,huer
841, fait ,fait,no,word,word/no,fait
842,pare pare pare,pare pare pare,related,word,word/related,pare
843, joue ,joue,no,word,word/no,joue
844,ment ment ment,ment ment ment,related,word,word/related,ment
845, joli ,joli,no,word,word/no,joli
846, hien ,hien,no,nonword,nonword/no,hien
847,sont dire sont,sont dire sont,unrelated,word,word/unrelated,dire
848,crue bond crue,crue bond crue,unrelated,word,word/unrelated,bond
849,mine mine mine,mine mine mine,related,word,word/related,mine
850, hall ,hall,no,word,word/no,hall
851,vrec vrec vrec,vrec vrec vrec,related,nonword,nonword/related,vrec
852, haie ,haie,no,word,word/no,haie
853,lent lent lent,lent lent lent,related,word,word/related,lent
854,rans rans rans,rans rans rans,related,nonword,nonword/related,rans
855,fonc sabe fonc,fonc sabe fonc,unrelated,nonword,nonword/unrelated,sabe
856,spon imer spon,spon imer spon,unrelated,nonword,nonword/unrelated,imer
857, uter ,uter,no,nonword,nonword/no,uter
858,muni muni muni,muni muni muni,related,word,word/related,muni
859,part part part,part part part,related,word,word/related,part
860,fond avec fond,fond avec fond,unrelated,word,word/unrelated,avec
861,jouc berf jouc,jouc berf jouc,unrelated,nonword,nonword/unrelated,berf
862,guir tyle guir,guir tyle guir,unrelated,nonword,nonword/unrelated,tyle
863,plie chut plie,plie chut plie,unrelated,word,word/unrelated,chut
864,phol guve phol,phol guve phol,unrelated,nonword,nonword/unrelated,guve
865,orir uste orir,orir uste orir,unrelated,nonword,nonword/unrelated,uste
866, sper ,sper,no,nonword,nonword/no,sper
867,maxi maxi maxi,maxi maxi maxi,related,word,word/related,maxi
868,pipi pipi pipi,pipi pipi pipi,related,word,word/related,pipi
869,rici olde rici,rici olde rici,unrelated,nonword,nonword/unrelated,olde
870,tion tion tion,tion tion tion,related,nonword,nonword/related,tion
871,coci ande coci,coci ande coci,unrelated,nonword,nonword/unrelated,ande
872, cofi ,cofi,no,nonword,nonword/no,cofi
873, arne ,arne,no,nonword,nonword/no,arne
874, boui ,boui,no,nonword,nonword/no,boui
875, jury ,jury,no,word,word/no,jury
876,cinq apte cinq,cinq apte cinq,unrelated,word,word/unrelated,apte
877,vour itie vour,vour itie vour,unrelated,nonword,nonword/unrelated,itie
878,inge inge inge,inge inge inge,related,nonword,nonword/related,inge
879,rici rici rici,rici rici rici,related,nonword,nonword/related,rici
880, didi ,didi,no,nonword,nonword/no,didi
881,ogre ogre ogre,ogre ogre ogre,related,word,word/related,ogre
882,clar sube clar,clar sube clar,unrelated,nonword,nonword/unrelated,sube
883, bube ,bube,no,nonword,nonword/no,bube
884,onde cuit onde,onde cuit onde,unrelated,word,word/unrelated,cuit
885, dort ,dort,no,word,word/no,dort
886,parc parc parc,parc parc parc,related,word,word/related,parc
887,ocbo uise ocbo,ocbo uise ocbo,unrelated,nonword,nonword/unrelated,uise
888,cing veul cing,cing veul cing,unrelated,nonword,nonword/unrelated,veul
889,lynx lynx lynx,lynx lynx lynx,related,word,word/related,lynx
890,spon spon spon,spon spon spon,related,nonword,nonword/related,spon
891,rare coin rare,rare coin rare,unrelated,word,word/unrelated,coin
892,moto cuve moto,moto cuve moto,unrelated,word,word/unrelated,cuve
893,lage lage lage,lage lage lage,related,nonword,nonword/related,lage
894, rone ,rone,no,nonword,nonword/no,rone
895, gain ,gain,no,word,word/no,gain
896,pion cure pion,pion cure pion,unrelated,word,word/unrelated,cure
897,perd perd perd,perd perd perd,related,word,word/related,perd
898, fond ,fond,no,word,word/no,fond
899,chol fave chol,chol fave chol,unrelated,nonword,nonword/unrelated,fave
900,uave soti uave,uave soti uave,unrelated,nonword,nonword/unrelated,soti
901,ponc ponc ponc,ponc ponc ponc,related,nonword,nonword/related,ponc
902, clir ,clir,no,nonword,nonword/no,clir
903, lait ,lait,no,word,word/no,lait
904, iser ,iser,no,nonword,nonword/no,iser
905,lers moif lers,lers moif lers,unrelated,nonword,nonword/unrelated,moif
906,dige dige dige,dige dige dige,related,nonword,nonword/related,dige
907, geuf ,geuf,no,nonword,nonword/no,geuf
908,ocre ocre ocre,ocre ocre ocre,related,word,word/related,ocre
909, acle ,acle,no,nonword,nonword/no,acle
910,oile oile oile,oile oile oile,related,nonword,nonword/related,oile
911, nour ,nour,no,nonword,nonword/no,nour
912, iage ,iage,no,nonword,nonword/no,iage
913,star bile star,star bile star,unrelated,word,word/unrelated,bile
914,pape cour pape,pape cour pape,unrelated,word,word/unrelated,cour
915,amal rine amal,amal rine amal,unrelated,nonword,nonword/unrelated,rine
916,rire cash rire,rire cash rire,unrelated,word,word/unrelated,cash
917,loin loin loin,loin loin loin,related,word,word/related,loin
918,ange chic ange,ange chic ange,unrelated,word,word/unrelated,chic
919,poce poce poce,poce poce poce,related,nonword,nonword/related,poce
920,lire auto lire,lire auto lire,unrelated,word,word/unrelated,auto
921,cuif bral cuif,cuif bral cuif,unrelated,nonword,nonword/unrelated,bral
922,mime mime mime,mime mime mime,related,word,word/related,mime
923,page page page,page page page,related,word,word/related,page
924, flux ,flux,no,word,word/no,flux
925,long long long,long long long,related,word,word/related,long
926,uage uage uage,uage uage uage,related,nonword,nonword/related,uage
927,misi onue misi,misi onue misi,unrelated,nonword,nonword/unrelated,onue
928,rinc rinc rinc,rinc rinc rinc,related,nonword,nonword/related,rinc
929, font ,font,no,word,word/no,font
930, ucre ,ucre,no,nonword,nonword/no,ucre
931,fave posi fave,fave posi fave,unrelated,nonword,nonword/unrelated,posi
932,cote brin cote,cote brin cote,unrelated,word,word/unrelated,brin
933,note note note,note note note,related,word,word/related,note
934, grue ,grue,no,word,word/no,grue
935,orie orie orie,orie orie orie,related,nonword,nonword/related,orie
936,miel miel miel,miel miel miel,related,word,word/related,miel
937, laid ,laid,no,word,word/no,laid
938,nuit nuit nuit,nuit nuit nuit,related,word,word/related,nuit
939,paye paye paye,paye paye paye,related,word,word/related,paye
940,ique ique ique,ique ique ique,related,nonword,nonword/related,ique
941,moto moto moto,moto moto moto,related,word,word/related,moto
942, gami ,gami,no,nonword,nonword/no,gami
943,hade hade hade,hade hade hade,related,nonword,nonword/related,hade
944, labo ,labo,no,word,word/no,labo
945, orir ,orir,no,nonword,nonword/no,orir
946, muis ,muis,no,nonword,nonword/no,muis
947, spel ,spel,no,nonword,nonword/no,spel
948,neuf bail neuf,neuf bail neuf,unrelated,word,word/unrelated,bail
949,ciel bord ciel,ciel bord ciel,unrelated,word,word/unrelated,bord
950, glui ,glui,no,nonword,nonword/no,glui
951,isir gouf isir,isir gouf isir,unrelated,nonword,nonword/unrelated,gouf
952, sute ,sute,no,nonword,nonword/no,sute
953,ucre diol ucre,ucre diol ucre,unrelated,nonword,nonword/unrelated,diol
954,uide uide uide,uide uide uide,related,nonword,nonword/related,uide
955,dodo acte dodo,dodo acte dodo,unrelated,word,word/unrelated,acte
956,ponc flar ponc,ponc flar ponc,unrelated,nonword,nonword/unrelated,flar
957,yope isir yope,yope isir yope,unrelated,nonword,nonword/unrelated,isir
958, pluo ,pluo,no,nonword,nonword/no,pluo
959,main main main,main main main,related,word,word/related,main
960,taux dise taux,taux dise taux,unrelated,word,word/unrelated,dise
961, haut ,haut,no,word,word/no,haut
962,subi noce subi,subi noce subi,unrelated,word,word/unrelated,noce
963,mare loin mare,mare loin mare,unrelated,word,word/unrelated,loin
964, cape ,cape,no,word,word/no,cape
965,fuit naze fuit,fuit naze fuit,unrelated,word,word/unrelated,naze
966,cofi buge cofi,cofi buge cofi,unrelated,nonword,nonword/unrelated,buge
967,thon lier thon,thon lier thon,unrelated,word,word/unrelated,lier
968, varc ,varc,no,nonword,nonword/no,varc
969,ofci aser ofci,ofci aser ofci,unrelated,nonword,nonword/unrelated,aser
970,peut noix peut,peut noix peut,unrelated,word,word/unrelated,noix
971, agir ,agir,no,word,word/no,agir
972,soge soge soge,soge soge soge,related,nonword,nonword/related,soge
973, poxe ,poxe,no,nonword,nonword/no,poxe
974,juse groi juse,juse groi juse,unrelated,nonword,nonword/unrelated,groi
975,kaki kaki kaki,kaki kaki kaki,related,word,word/related,kaki
976,pluo pluo pluo,pluo pluo pluo,related,nonword,nonword/related,pluo
977, apte ,apte,no,word,word/no,apte
978, brir ,brir,no,nonword,nonword/no,brir
979,chic mode chic,chic mode chic,unrelated,word,word/unrelated,mode
980,cofi cofi cofi,cofi cofi cofi,related,nonword,nonword/related,cofi
981, cion ,cion,no,nonword,nonword/no,cion
982,juge juge juge,juge juge juge,related,word,word/related,juge
983, chic ,chic,no,word,word/no,chic
984, noil ,noil,no,nonword,nonword/no,noil
985,zuif doce zuif,zuif doce zuif,unrelated,nonword,nonword/unrelated,doce
986, glac ,glac,no,nonword,nonword/no,glac
987,flux oser flux,flux oser flux,unrelated,word,word/unrelated,oser
988, cent ,cent,no,word,word/no,cent
989, bral ,bral,no,nonword,nonword/no,bral
990, nouf ,nouf,no,nonword,nonword/no,nouf
991,juci juci juci,juci juci juci,related,nonword,nonword/related,juci
992,miel parc miel,miel parc miel,unrelated,word,word/unrelated,parc
993,sang pire sang,sang pire sang,unrelated,word,word/unrelated,pire
994,flux flux flux,flux flux flux,related,word,word/related,flux
995, cage ,cage,no,word,word/no,cage
996,fini fini fini,fini fini fini,related,word,word/related,fini
997, acte ,acte,no,word,word/no,acte
998,best long best,best long best,unrelated,word,word/unrelated,long
999, boit ,boit,no,word,word/no,boit
1000,judo judo judo,judo judo judo,related,word,word/related,judo
1001, bien ,bien,no,word,word/no,bien
1002,rhum oeil rhum,rhum oeil rhum,unrelated,word,word/unrelated,oeil
1003,spot leur spot,spot leur spot,unrelated,word,word/unrelated,leur
1004, bail ,bail,no,word,word/no,bail
1005,haut lien haut,haut lien haut,unrelated,word,word/unrelated,lien
1006,fond fond fond,fond fond fond,related,word,word/related,fond
1007,idem idem idem,idem idem idem,related,word,word/related,idem
1008,apin apin apin,apin apin apin,related,nonword,nonword/related,apin
1009,rour rour rour,rour rour rour,related,nonword,nonword/related,rour
1010, tuce ,tuce,no,nonword,nonword/no,tuce
1011,fuir fuir fuir,fuir fuir fuir,related,word,word/related,fuir
1012,dune dune dune,dune dune dune,related,word,word/related,dune
1013,cigi dets cigi,cigi dets cigi,unrelated,nonword,nonword/unrelated,dets
1014,clir clir clir,clir clir clir,related,nonword,nonword/related,clir
1015,film nage film,film nage film,unrelated,word,word/unrelated,nage
1016,leur main leur,leur main leur,unrelated,word,word/unrelated,main
1017,fabe fabe fabe,fabe fabe fabe,related,nonword,nonword/related,fabe
1018,muis muis muis,muis muis muis,related,nonword,nonword/related,muis
1019,glur glur glur,glur glur glur,related,nonword,nonword/related,glur
1020,faim faim faim,faim faim faim,related,word,word/related,faim
1021,bixe pras bixe,bixe pras bixe,unrelated,nonword,nonword/unrelated,pras
1022,sute sute sute,sute sute sute,related,nonword,nonword/related,sute
1023, coui ,coui,no,nonword,nonword/no,coui
1024,veul afmi veul,veul afmi veul,unrelated,nonword,nonword/unrelated,afmi
1025, tese ,tese,no,nonword,nonword/no,tese
1026, dame ,dame,no,word,word/no,dame
1027,olis olis olis,olis olis olis,related,nonword,nonword/related,olis
1028,boxe plat boxe,boxe plat boxe,unrelated,word,word/unrelated,plat
1029,dite dite dite,dite dite dite,related,word,word/related,dite
1030,itin uage itin,itin uage itin,unrelated,nonword,nonword/unrelated,uage
1031,donc pile donc,donc pile donc,unrelated,word,word/unrelated,pile
1032, aide ,aide,no,word,word/no,aide
1033, cude ,cude,no,nonword,nonword/no,cude
1034, guve ,guve,no,nonword,nonword/no,guve
1035,film film film,film film film,related,word,word/related,film
1036,ches ches ches,ches ches ches,related,nonword,nonword/related,ches
1037,ucre ucre ucre,ucre ucre ucre,related,nonword,nonword/related,ucre
1038,ilie ilie ilie,ilie ilie ilie,related,nonword,nonword/related,ilie
1039, amie ,amie,no,word,word/no,amie
1040,jeux jeux jeux,jeux jeux jeux,related,word,word/related,jeux
1041,libe jurf libe,libe jurf libe,unrelated,nonword,nonword/unrelated,jurf
1042,ivre ivre ivre,ivre ivre ivre,related,word,word/related,ivre
1043,maxi peut maxi,maxi peut maxi,unrelated,word,word/unrelated,peut
1044,arni arni arni,arni arni arni,related,nonword,nonword/related,arni
1045, muie ,muie,no,nonword,nonword/no,muie
1046,doux doux doux,doux doux doux,related,word,word/related,doux
1047,joie joie joie,joie joie joie,related,word,word/related,joie
1048, cinq ,cinq,no,word,word/no,cinq
1049,foin foin foin,foin foin foin,related,word,word/related,foin
1050, bain ,bain,no,word,word/no,bain
1051,cool pipe cool,cool pipe cool,unrelated,word,word/unrelated,pipe
1052,code muni code,code muni code,unrelated,word,word/unrelated,muni
1053, ceux ,ceux,no,word,word/no,ceux
1054,dure dure dure,dure dure dure,related,word,word/related,dure
1055,vige vige vige,vige vige vige,related,nonword,nonword/related,vige
1056,noif veur noif,noif veur noif,unrelated,nonword,nonword/unrelated,veur
1057,saze saze saze,saze saze saze,related,nonword,nonword/related,saze
1058,paze tion paze,paze tion paze,unrelated,nonword,nonword/unrelated,tion
1059,gami gami gami,gami gami gami,related,nonword,nonword/related,gami
1060,dodo dodo dodo,dodo dodo dodo,related,word,word/related,dodo
1061,rers rers rers,rers rers rers,related,nonword,nonword/related,rers
1062,oute oute oute,oute oute oute,related,nonword,nonword/related,oute
1063,laid laid laid,laid laid laid,related,word,word/related,laid
1064, ciel ,ciel,no,word,word/no,ciel
1065,vets vets vets,vets vets vets,related,nonword,nonword/related,vets
1066,labo peur labo,labo peur labo,unrelated,word,word/unrelated,peur
1067,didi didi didi,didi didi didi,related,nonword,nonword/related,didi
1068,luif jave luif,luif jave luif,unrelated,nonword,nonword/unrelated,jave
1069, diol ,diol,no,nonword,nonword/no,diol
1070,amir uque amir,amir uque amir,unrelated,nonword,nonword/unrelated,uque
1071,duel mari duel,duel mari duel,unrelated,word,word/unrelated,mari
1072, aube ,aube,no,word,word/no,aube
1073,scie lynx scie,scie lynx scie,unrelated,word,word/unrelated,lynx
1074, choc ,choc,no,word,word/no,choc
1075,dose dose dose,dose dose dose,related,word,word/related,dose
1076,ivre mont ivre,ivre mont ivre,unrelated,word,word/unrelated,mont
1077, rine ,rine,no,nonword,nonword/no,rine
1078, arme ,arme,no,word,word/no,arme
1079,nour nour nour,nour nour nour,related,nonword,nonword/related,nour
1080,brin loge brin,brin loge brin,unrelated,word,word/unrelated,loge
1081,deno deno deno,deno deno deno,related,nonword,nonword/related,deno
1082,huer huer huer,huer huer huer,related,word,word/related,huer
1083, tyle ,tyle,no,nonword,nonword/no,tyle
1084, ocbo ,ocbo,no,nonword,nonword/no,ocbo
1085,humi vrec humi,humi vrec humi,unrelated,nonword,nonword/unrelated,vrec
1086,mato mato mato,mato mato mato,related,nonword,nonword/related,mato
1087,vide loup vide,vide loup vide,unrelated,word,word/unrelated,loup
1088,jury jury jury,jury jury jury,related,word,word/related,jury
1089, cool ,cool,no,word,word/no,cool
1090,dave dave dave,dave dave dave,related,nonword,nonword/related,dave
1091, nile ,nile,no,nonword,nonword/no,nile
1092,grue maxi grue,grue maxi grue,unrelated,word,word/unrelated,maxi
1093,elle elle elle,elle elle elle,related,word,word/related,elle
1094,cais fler cais,cais fler cais,unrelated,nonword,nonword/unrelated,fler
1095,isar ogne isar,isar ogne isar,unrelated,nonword,nonword/unrelated,ogne
1096, abat ,abat,no,word,word/no,abat
1097, gine ,gine,no,nonword,nonword/no,gine
1098,foot mule foot,foot mule foot,unrelated,word,word/unrelated,mule
1099,uits uits uits,uits uits uits,related,nonword,nonword/related,uits
1100, clan ,clan,no,word,word/no,clan
1101, banc ,banc,no,word,word/no,banc
1102,jion euve jion,jion euve jion,unrelated,nonword,nonword/unrelated,euve
1103,robe nuit robe,robe nuit robe,unrelated,word,word/unrelated,nuit
1104,spel spel spel,spel spel spel,related,nonword,nonword/related,spel
1105, ceci ,ceci,no,word,word/no,ceci
1106, amer ,amer,no,word,word/no,amer
1107,adis adis adis,adis adis adis,related,nonword,nonword/related,adis
1108, crue ,crue,no,word,word/no,crue
1109,ocre plan ocre,ocre plan ocre,unrelated,word,word/unrelated,plan
1110, avas ,avas,no,nonword,nonword/no,avas
1111,vute vute vute,vute vute vute,related,nonword,nonword/related,vute
1112, brut ,brut,no,word,word/no,brut
1113,suce part suce,suce part suce,unrelated,word,word/unrelated,part
1114,nain luxe nain,nain luxe nain,unrelated,word,word/unrelated,luxe
1115,psub oile psub,psub oile psub,unrelated,nonword,nonword/unrelated,oile
1116, boue ,boue,no,word,word/no,boue
1117,golf perd golf,golf perd golf,unrelated,word,word/unrelated,perd
1118, gouf ,gouf,no,nonword,nonword/no,gouf
1119,irai oeuf irai,irai oeuf irai,unrelated,word,word/unrelated,oeuf
1120, bout ,bout,no,word,word/no,bout
1121, anue ,anue,no,nonword,nonword/no,anue
1122,vrec spon vrec,vrec spon vrec,unrelated,nonword,nonword/unrelated,spon
1123, flar ,flar,no,nonword,nonword/no,flar
1124,puni ogre puni,puni ogre puni,unrelated,word,word/unrelated,ogre
1125,rodi tute rodi,rodi tute rodi,unrelated,nonword,nonword/unrelated,tute
1126,gaie gaie gaie,gaie gaie gaie,related,word,word/related,gaie
1127,gant gant gant,gant gant gant,related,word,word/related,gant
1128,avan idue avan,avan idue avan,unrelated,nonword,nonword/unrelated,idue
1129, drac ,drac,no,nonword,nonword/no,drac
1130, coup ,coup,no,word,word/no,coup
1131,drir psue drir,drir psue drir,unrelated,nonword,nonword/unrelated,psue
1132, bouc ,bouc,no,word,word/no,bouc
1133,grue grue grue,grue grue grue,related,word,word/related,grue
1134,fien fien fien,fien fien fien,related,nonword,nonword/related,fien
1135,hall ment hall,hall ment hall,unrelated,word,word/unrelated,ment
1136,gion suel gion,gion suel gion,unrelated,nonword,nonword/unrelated,suel
1137, clip ,clip,no,word,word/no,clip
1138,scur inge scur,scur inge scur,unrelated,nonword,nonword/unrelated,inge
1139,foie foie foie,foie foie foie,related,word,word/related,foie
1140, aime ,aime,no,word,word/no,aime
1141, bref ,bref,no,word,word/no,bref
1142, uste ,uste,no,nonword,nonword/no,uste
1143, duis ,duis,no,nonword,nonword/no,duis
1144,exil exil exil,exil exil exil,related,word,word/related,exil
1145, igne ,igne,no,nonword,nonword/no,igne
1146,vrac onde vrac,vrac onde vrac,unrelated,word,word/unrelated,onde
1147, erle ,erle,no,nonword,nonword/no,erle
1148,rone rone rone,rone rone rone,related,nonword,nonword/related,rone
1149,kilo kilo kilo,kilo kilo kilo,related,word,word/related,kilo
1150,acho mune acho,acho mune acho,unrelated,nonword,nonword/unrelated,mune
1151,glui hore glui,glui hore glui,unrelated,nonword,nonword/unrelated,hore
1152,cupe cupe cupe,cupe cupe cupe,related,nonword,nonword/related,cupe
1153,hoir duve hoir,hoir duve hoir,unrelated,nonword,nonword/unrelated,duve
1154,cire moto cire,cire moto cire,unrelated,word,word/unrelated,moto
1155,clec clec clec,clec clec clec,related,nonword,nonword/related,clec
1156,cing cing cing,cing cing cing,related,nonword,nonword/related,cing
1157, code ,code,no,word,word/no,code
1158,rock paie rock,rock paie rock,unrelated,word,word/unrelated,paie
1159,jour jour jour,jour jour jour,related,word,word/related,jour
1160,afmi stue afmi,afmi stue afmi,unrelated,nonword,nonword/unrelated,stue
1161,stus ince stus,stus ince stus,unrelated,nonword,nonword/unrelated,ince
1162, posi ,posi,no,nonword,nonword/no,posi
1163, moce ,moce,no,nonword,nonword/no,moce
1164, bame ,bame,no,nonword,nonword/no,bame
1165,bruc dige bruc,bruc dige bruc,unrelated,nonword,nonword/unrelated,dige
1166,duel duel duel,duel duel duel,related,word,word/related,duel
1167,flot flot flot,flot flot flot,related,word,word/related,flot
1168, clef ,clef,no,word,word/no,clef
1169,fauf dier fauf,fauf dier fauf,unrelated,nonword,nonword/unrelated,dier
1170,fule gois fule,fule gois fule,unrelated,nonword,nonword/unrelated,gois
1171,deur flin deur,deur flin deur,unrelated,nonword,nonword/unrelated,flin
1172,chen chen chen,chen chen chen,related,nonword,nonword/related,chen
1173,four four four,four four four,related,word,word/related,four
1174,vong ster vong,vong ster vong,unrelated,nonword,nonword/unrelated,ster
1175, cure ,cure,no,word,word/no,cure
1176,baby lent baby,baby lent baby,unrelated,word,word/unrelated,lent
1177,cien cien cien,cien cien cien,related,nonword,nonword/related,cien
1178,glui glui glui,glui glui glui,related,nonword,nonword/related,glui
1179,expo expo expo,expo expo expo,related,word,word/related,expo
1180,oral mise oral,oral mise oral,unrelated,word,word/unrelated,mise
1181,dort dort dort,dort dort dort,related,word,word/related,dort
1182, moif ,moif,no,nonword,nonword/no,moif
1183,lils oque lils,lils oque lils,unrelated,nonword,nonword/unrelated,oque
1184,itir ambe itir,itir ambe itir,unrelated,nonword,nonword/unrelated,ambe
1185,vate lisi vate,vate lisi vate,unrelated,nonword,nonword/unrelated,lisi
1186, baie ,baie,no,word,word/no,baie
1187, bloc ,bloc,no,word,word/no,bloc
1188,poxe ucun poxe,poxe ucun poxe,unrelated,nonword,nonword/unrelated,ucun
1189,labo labo labo,labo labo labo,related,word,word/related,labo
1190,huif nobe huif,huif nobe huif,unrelated,nonword,nonword/unrelated,nobe
1191,lave lave lave,lave lave lave,related,word,word/related,lave
1192,rine chud rine,rine chud rine,unrelated,nonword,nonword/unrelated,chud
1193,bolk aive bolk,bolk aive bolk,unrelated,nonword,nonword/unrelated,aive
1194,toux nerf toux,toux nerf toux,unrelated,word,word/unrelated,nerf
1195,vend mort vend,vend mort vend,unrelated,word,word/unrelated,mort
1196, deux ,deux,no,word,word/no,deux
1197,jure jure jure,jure jure jure,related,word,word/related,jure
1198,jami poge jami,jami poge jami,unrelated,nonword,nonword/unrelated,poge
1199,dici bome dici,dici bome dici,unrelated,nonword,nonword/unrelated,bome
1200, cour ,cour,no,word,word/no,cour
1201,golf golf golf,golf golf golf,related,word,word/related,golf
1202, gose ,gose,no,nonword,nonword/no,gose
1203,diel diel diel,diel diel diel,related,nonword,nonword/related,diel
1204,doit doit doit,doit doit doit,related,word,word/related,doit
1205, uise ,uise,no,nonword,nonword/no,uise
1206,joue joue joue,joue joue joue,related,word,word/related,joue
1207,abri onze abri,abri onze abri,unrelated,word,word/unrelated,onze
1208, fave ,fave,no,nonword,nonword/no,fave
1209,fine fine fine,fine fine fine,related,word,word/related,fine
1210,folk nier folk,folk nier folk,unrelated,word,word/unrelated,nier
1211, hime ,hime,no,nonword,nonword/no,hime
1212,aser glin aser,aser glin aser,unrelated,nonword,nonword/unrelated,glin
1213, imer ,imer,no,nonword,nonword/no,imer
1214, bond ,bond,no,word,word/no,bond
1215,acle acle acle,acle acle acle,related,nonword,nonword/related,acle
1216,coge rans coge,coge rans coge,unrelated,nonword,nonword/unrelated,rans
1217,gerf gerf gerf,gerf gerf gerf,related,nonword,nonword/related,gerf
1218, agit ,agit,no,word,word/no,agit
1219,truc plie truc,truc plie truc,unrelated,word,word/unrelated,plie
1220,arne arne arne,arne arne arne,related,nonword,nonword/related,arne
1221,gage gage gage,gage gage gage,related,word,word/related,gage
1222,muse nain muse,muse nain muse,unrelated,word,word/unrelated,nain
1223,douc nire douc,douc nire douc,unrelated,nonword,nonword/unrelated,nire
1224,jore psub jore,jore psub jore,unrelated,nonword,nonword/unrelated,psub
1225,gain moue gain,gain moue gain,unrelated,word,word/unrelated,moue
1226,rang muet rang,rang muet rang,unrelated,word,word/unrelated,muet
1227, zors ,zors,no,nonword,nonword/no,zors
1228, afer ,afer,no,nonword,nonword/no,afer
1229,troc miel troc,troc miel troc,unrelated,word,word/unrelated,miel
1230, coin ,coin,no,word,word/no,coin
1231, huif ,huif,no,nonword,nonword/no,huif
1232,unir page unir,unir page unir,unrelated,word,word/unrelated,page
1233,nole nole nole,nole nole nole,related,nonword,nonword/related,nole
1234,juin juin juin,juin juin juin,related,word,word/related,juin
1235,pupe ibac pupe,pupe ibac pupe,unrelated,nonword,nonword/unrelated,ibac
1236,humi humi humi,humi humi humi,related,nonword,nonword/related,humi
1237,psir hade psir,psir hade psir,unrelated,nonword,nonword/unrelated,hade
1238, chat ,chat,no,word,word/no,chat
1239, jine ,jine,no,nonword,nonword/no,jine
1240, jive ,jive,no,nonword,nonword/no,jive
1241, demi ,demi,no,word,word/no,demi
1242, dire ,dire,no,word,word/no,dire
1243,tyle ponc tyle,tyle ponc tyle,unrelated,nonword,nonword/unrelated,ponc
1244, bres ,bres,no,nonword,nonword/no,bres
1245,jurf eige jurf,jurf eige jurf,unrelated,nonword,nonword/unrelated,eige
1246,hall hall hall,hall hall hall,related,word,word/related,hall
1247, club ,club,no,word,word/no,club
1248,apte midi apte,apte midi apte,unrelated,word,word/unrelated,midi
1249,fade fade fade,fade fade fade,related,word,word/related,fade
1250,flic mare flic,flic mare flic,unrelated,word,word/unrelated,mare
1251,hien hien hien,hien hien hien,related,nonword,nonword/related,hien
1252,buin buin buin,buin buin buin,related,nonword,nonword/related,buin
1253,ibac oste ibac,ibac oste ibac,unrelated,nonword,nonword/unrelated,oste
1254,stre stre stre,stre stre stre,related,nonword,nonword/related,stre
1255, vure ,vure,no,nonword,nonword/no,vure
1256, sabe ,sabe,no,nonword,nonword/no,sabe
1257,zote rinc zote,zote rinc zote,unrelated,nonword,nonword/unrelated,rinc
1258,main luge main,main luge main,unrelated,word,word/unrelated,luge
1259, cire ,cire,no,word,word/no,cire
1260,dets vour dets,dets vour dets,unrelated,nonword,nonword/unrelated,vour
1261, chef ,chef,no,word,word/no,chef
1262,faut faut faut,faut faut faut,related,word,word/related,faut
1263,afil roge afil,afil roge afil,unrelated,nonword,nonword/unrelated,roge
1264, abri ,abri,no,word,word/no,abri
1265, dent ,dent,no,word,word/no,dent
1266, cins ,cins,no,nonword,nonword/no,cins
1267, boxe ,boxe,no,word,word/no,boxe
1268,mato uide mato,mato uide mato,unrelated,nonword,nonword/unrelated,uide
1269,jury mien jury,jury mien jury,unrelated,word,word/unrelated,mien
1270, loui ,loui,no,nonword,nonword/no,loui
1271,gare gare gare,gare gare gare,related,word,word/related,gare
1272, dise ,dise,no,word,word/no,dise
1273, gric ,gric,no,nonword,nonword/no,gric
1274,fixe fixe fixe,fixe fixe fixe,related,word,word/related,fixe
1275, cuit ,cuit,no,word,word/no,cuit
1276,yope yope yope,yope yope yope,related,nonword,nonword/related,yope
1277,cins grer cins,cins grer cins,unrelated,nonword,nonword/unrelated,grer
1278, oche ,oche,no,nonword,nonword/no,oche
1279,folk folk folk,folk folk folk,related,word,word/related,folk
1280,soif pare soif,soif pare soif,unrelated,word,word/unrelated,pare
1281, gion ,gion,no,nonword,nonword/no,gion
1282,dont dont dont,dont dont dont,related,word,word/related,dont
1283, bord ,bord,no,word,word/no,bord
1284, bobo ,bobo,no,word,word/no,bobo
1285,feux feux feux,feux feux feux,related,word,word/related,feux
1286,fuit fuit fuit,fuit fuit fuit,related,word,word/related,fuit
1287, vore ,vore,no,nonword,nonword/no,vore
1288,joli joli joli,joli joli joli,related,word,word/related,joli
1289,eaux eaux eaux,eaux eaux eaux,related,word,word/related,eaux
1290, cuve ,cuve,no,word,word/no,cuve
1291,irme irme irme,irme irme irme,related,nonword,nonword/related,irme
1292,vece vece vece,vece vece vece,related,nonword,nonword/related,vece
1293,rane rane rane,rane rane rane,related,nonword,nonword/related,rane
1294,hier hier hier,hier hier hier,related,word,word/related,hier
1295,flic flic flic,flic flic flic,related,word,word/related,flic
1296,sper sper sper,sper sper sper,related,nonword,nonword/related,sper
1297,jurc bexe jurc,jurc bexe jurc,unrelated,nonword,nonword/unrelated,bexe
1298,arie pluc arie,arie pluc arie,unrelated,nonword,nonword/unrelated,pluc
1299,sert paix sert,sert paix sert,unrelated,word,word/unrelated,paix
1300,avec pion avec,avec pion avec,unrelated,word,word/unrelated,pion
1301, chut ,chut,no,word,word/no,chut
1302,pluc rese pluc,pluc rese pluc,unrelated,nonword,nonword/unrelated,rese
1303, ange ,ange,no,word,word/no,ange
1304,mexe mexe mexe,mexe mexe mexe,related,nonword,nonword/related,mexe
1305, azur ,azur,no,word,word/no,azur
1306,haut haut haut,haut haut haut,related,word,word/related,haut
1307,dont lire dont,dont lire dont,unrelated,word,word/unrelated,lire
1308,fade lion fade,fade lion fade,unrelated,word,word/unrelated,lion
1309,mime nord mime,mime nord mime,unrelated,word,word/unrelated,nord
1310,guve isar guve,guve isar guve,unrelated,nonword,nonword/unrelated,isar
1311,boui boui boui,boui boui boui,related,nonword,nonword/related,boui
1312,gain gain gain,gain gain gain,related,word,word/related,gain
1313,jote jote jote,jote jote jote,related,nonword,nonword/related,jote
1314,tube noir tube,tube noir tube,unrelated,word,word/unrelated,noir
1315, cher ,cher,no,word,word/no,cher
1316,drap noie drap,drap noie drap,unrelated,word,word/unrelated,noie
1317,iers iers iers,iers iers iers,related,nonword,nonword/related,iers
1318, spen ,spen,no,nonword,nonword/no,spen
1319, jage ,jage,no,nonword,nonword/no,jage
1320,plar plar plar,plar plar plar,related,nonword,nonword/related,plar
1321, bise ,bise,no,word,word/no,bise
1322,haie haie haie,haie haie haie,related,word,word/related,haie
1323, cote ,cote,no,word,word/no,cote
1324,lait lait lait,lait lait lait,related,word,word/related,lait
1325, crie ,crie,no,word,word/no,crie
1326, cerf ,cerf,no,word,word/no,cerf
1327,perc perc perc,perc perc perc,related,nonword,nonword/related,perc
1328,ifus ifus ifus,ifus ifus ifus,related,nonword,nonword/related,ifus
1329,bril dade bril,bril dade bril,unrelated,nonword,nonword/unrelated,dade
1330,arni pupe arni,arni pupe arni,unrelated,nonword,nonword/unrelated,pupe
1331, sube ,sube,no,nonword,nonword/no,sube
1332, cuce ,cuce,no,nonword,nonword/no,cuce
1333, avec ,avec,no,word,word/no,avec
1334, carc ,carc,no,nonword,nonword/no,carc
1335,face face face,face face face,related,word,word/related,face
1336, camp ,camp,no,word,word/no,camp
1337,coge coge coge,coge coge coge,related,nonword,nonword/related,coge
1338,bube bube bube,bube bube bube,related,nonword,nonword/related,bube
1339, brin ,brin,no,word,word/no,brin
1340,nouf arve nouf,nouf arve nouf,unrelated,nonword,nonword/unrelated,arve
1341, vave ,vave,no,nonword,nonword/no,vave
1342,fait fait fait,fait fait fait,related,word,word/related,fait
1343, auto ,auto,no,word,word/no,auto
1344,jupe jupe jupe,jupe jupe jupe,related,word,word/related,jupe
1345,mari neuf mari,mari neuf mari,unrelated,word,word/unrelated,neuf
1346, date ,date,no,word,word/no,date
1347,foot foot foot,foot foot foot,related,word,word/related,foot
1348, durc ,durc,no,nonword,nonword/no,durc
1349,oeuf pain oeuf,oeuf pain oeuf,unrelated,word,word/unrelated,pain
1350,arer arer arer,arer arer arer,related,nonword,nonword/related,arer
1351, cave ,cave,no,word,word/no,cave
1352,imci imci imci,imci imci imci,related,nonword,nonword/related,imci
1353,roux paye roux,roux paye roux,unrelated,word,word/unrelated,paye
1354,roge insi roge,roge insi roge,unrelated,nonword,nonword/unrelated,insi
1355,ilas ilas ilas,ilas ilas ilas,related,nonword,nonword/related,ilas
1356,flan flan flan,flan flan flan,related,word,word/related,flan
1357,vonc vonc vonc,vonc vonc vonc,related,nonword,nonword/related,vonc
1358, cube ,cube,no,word,word/no,cube
1359,vonc reur vonc,vonc reur vonc,unrelated,nonword,nonword/unrelated,reur
1360,grec grec grec,grec grec grec,related,word,word/related,grec
1361,info info info,info info info,related,word,word/related,info
1362,jors dide jors,jors dide jors,unrelated,nonword,nonword/unrelated,dide
1363, ande ,ande,no,nonword,nonword/no,ande
1364, nomb ,nomb,no,nonword,nonword/no,nomb
1365, veul ,veul,no,nonword,nonword/no,veul
1366,irir lage irir,irir lage irir,unrelated,nonword,nonword/unrelated,lage
1367,gang gang gang,gang gang gang,related,word,word/related,gang
1368, isir ,isir,no,nonword,nonword/no,isir
1369, bile ,bile,no,word,word/no,bile
1370, onue ,onue,no,nonword,nonword/no,onue
1371,geuf geuf geuf,geuf geuf geuf,related,nonword,nonword/related,geuf
1372,vors ique vors,vors ique vors,unrelated,nonword,nonword/unrelated,ique
1373, psin ,psin,no,nonword,nonword/no,psin
1374,mion cuse mion,mion cuse mion,unrelated,nonword,nonword/unrelated,cuse
1375,irai irai irai,irai irai irai,related,word,word/related,irai
1376, case ,case,no,word,word/no,case
1377,sige sige sige,sige sige sige,related,nonword,nonword/related,sige
1378,imci sobe imci,imci sobe imci,unrelated,nonword,nonword/unrelated,sobe
1379,midi ocre midi,midi ocre midi,unrelated,word,word/unrelated,ocre
1380, cuir ,cuir,no,word,word/no,cuir
1381,clai ouve clai,clai ouve clai,unrelated,nonword,nonword/unrelated,ouve
1382,font font font,font font font,related,word,word/related,font
1383,bolk bolk bolk,bolk bolk bolk,related,nonword,nonword/related,bolk
1384, lube ,lube,no,nonword,nonword/no,lube
1385,chir chir chir,chir chir chir,related,nonword,nonword/related,chir
1386, puif ,puif,no,nonword,nonword/no,puif
1387,lard lard lard,lard lard lard,related,word,word/related,lard
1388,fort fort fort,fort fort fort,related,word,word/related,fort
1389,uite uite uite,uite uite uite,related,nonword,nonword/related,uite
1390,feux loto feux,feux loto feux,unrelated,word,word/unrelated,loto
1391, daps ,daps,no,nonword,nonword/no,daps
1392,lard muse lard,lard muse lard,unrelated,word,word/unrelated,muse
1393,muve rici muve,muve rici muve,unrelated,nonword,nonword/unrelated,rici
1394, stin ,stin,no,nonword,nonword/no,stin
1395,dite oral dite,dite oral dite,unrelated,word,word/unrelated,oral
1396,avir poce avir,avir poce avir,unrelated,nonword,nonword/unrelated,poce
1397, abir ,abir,no,nonword,nonword/no,abir
1398,cuir note cuir,cuir note cuir,unrelated,word,word/unrelated,note
1399,atil cres atil,atil cres atil,unrelated,nonword,nonword/unrelated,cres
1400, olde ,olde,no,nonword,nonword/no,olde
1401, soti ,soti,no,nonword,nonword/no,soti
1402, brun ,brun,no,word,word/no,brun
1403,joli pape joli,joli pape joli,unrelated,word,word/unrelated,pape
1404,avas orie avas,avas orie avas,unrelated,nonword,nonword/unrelated,orie
1405,agit lune agit,agit lune agit,unrelated,word,word/unrelated,lune
1406,part mine part,part mine part,unrelated,word,word/unrelated,mine
1407, itie ,itie,no,nonword,nonword/no,itie
1408,drir drir drir,drir drir drir,related,nonword,nonword/related,drir
1409,juif juif juif,juif juif juif,related,word,word/related,juif
1410,arti fope arti,arti fope arti,unrelated,nonword,nonword/unrelated,fope
1411,orir orir orir,orir orir orir,related,nonword,nonword/related,orir
1412, cash ,cash,no,word,word/no,cash
1413,pour mime pour,pour mime pour,unrelated,word,word/unrelated,mime
1414, base ,base,no,word,word/no,base
1415, giel ,giel,no,nonword,nonword/no,giel
1416,iser iser iser,iser iser iser,related,nonword,nonword/related,iser
1417,fier fier fier,fier fier fier,related,word,word/related,fier
1418,huit huit huit,huit huit huit,related,word,word/related,huit
1419,flid flid flid,flid flid flid,related,nonword,nonword/related,flid
1420, berf ,berf,no,nonword,nonword/no,berf
1421,drap drap drap,drap drap drap,related,word,word/related,drap
1422,faux faux faux,faux faux faux,related,word,word/related,faux
1423,vare vare vare,vare vare vare,related,nonword,nonword/related,vare
1424,oste flir oste,oste flir oste,unrelated,nonword,nonword/unrelated,flir
1425, scol ,scol,no,nonword,nonword/no,scol
1426, boge ,boge,no,nonword,nonword/no,boge
1427,aube pipi aube,aube pipi aube,unrelated,word,word/unrelated,pipi
1428,cage poil cage,cage poil cage,unrelated,word,word/unrelated,poil
1429, caie ,caie,no,nonword,nonword/no,caie
1430,dige zour dige,dige zour dige,unrelated,nonword,nonword/unrelated,zour
1431,uter uter uter,uter uter uter,related,nonword,nonword/related,uter
1432,mien logo mien,mien logo mien,unrelated,word,word/unrelated,logo
1433, orve ,orve,no,nonword,nonword/no,orve
1434,tour pied tour,tour pied tour,unrelated,word,word/unrelated,pied
1435,donc donc donc,donc donc donc,related,word,word/related,donc
1436,jore jore jore,jore jore jore,related,nonword,nonword/related,jore
1437,adre adre adre,adre adre adre,related,nonword,nonword/related,adre
1438,iage iage iage,iage iage iage,related,nonword,nonword/related,iage
1439, tade ,tade,no,nonword,nonword/no,tade
1440,zors nuce zors,zors nuce zors,unrelated,nonword,nonword/unrelated,nuce
1441,pain orge pain,pain orge pain,unrelated,word,word/unrelated,orge
1442,afer afer afer,afer afer afer,related,nonword,nonword/related,afer
